-- phpMyAdmin SQL Dump
-- version 5.2.0
-- https://www.phpmyadmin.net/
--
-- Máy chủ: 127.0.0.1
-- Thời gian đã tạo: Th6 09, 2023 lúc 03:05 AM
-- Phiên bản máy phục vụ: 10.4.27-MariaDB
-- Phiên bản PHP: 8.1.12

SET SQL_MODE = "NO_AUTO_VALUE_ON_ZERO";
START TRANSACTION;
SET time_zone = "+00:00";


/*!40101 SET @OLD_CHARACTER_SET_CLIENT=@@CHARACTER_SET_CLIENT */;
/*!40101 SET @OLD_CHARACTER_SET_RESULTS=@@CHARACTER_SET_RESULTS */;
/*!40101 SET @OLD_COLLATION_CONNECTION=@@COLLATION_CONNECTION */;
/*!40101 SET NAMES utf8mb4 */;

--
-- Cơ sở dữ liệu: `db_tvts`
--

-- --------------------------------------------------------

--
-- Cấu trúc bảng cho bảng `cau_hoi`
--

CREATE TABLE `cau_hoi` (
  `id` int(11) NOT NULL,
  `noi_dung` text NOT NULL,
  `created_at` timestamp NOT NULL DEFAULT current_timestamp(),
  `updated_at` timestamp NOT NULL DEFAULT current_timestamp() ON UPDATE current_timestamp()
) ENGINE=InnoDB DEFAULT CHARSET=utf8mb4 COLLATE=utf8mb4_general_ci;

--
-- Đang đổ dữ liệu cho bảng `cau_hoi`
--

INSERT INTO `cau_hoi` (`id`, `noi_dung`, `created_at`, `updated_at`) VALUES
(1, 'Tôi là người…', '2023-05-13 03:01:29', '2023-05-13 03:01:29'),
(2, 'Tôi có thể…', '2023-05-13 03:01:34', '2023-05-13 03:02:09'),
(3, 'Tôi thích…', '2023-05-13 03:02:26', '2023-05-13 03:02:26');

-- --------------------------------------------------------

--
-- Cấu trúc bảng cho bảng `cau_tra_loi`
--

CREATE TABLE `cau_tra_loi` (
  `id` int(11) NOT NULL,
  `noi_dung` text NOT NULL,
  `id_cau_hoi` int(11) NOT NULL,
  `ma_nhom_nganh` varchar(2) NOT NULL,
  `created_at` timestamp NOT NULL DEFAULT current_timestamp(),
  `updated_at` timestamp NOT NULL DEFAULT current_timestamp() ON UPDATE current_timestamp()
) ENGINE=InnoDB DEFAULT CHARSET=utf8mb4 COLLATE=utf8mb4_general_ci;

--
-- Đang đổ dữ liệu cho bảng `cau_tra_loi`
--

INSERT INTO `cau_tra_loi` (`id`, `noi_dung`, `id_cau_hoi`, `ma_nhom_nganh`, `created_at`, `updated_at`) VALUES
(2, 'thẳng thắn', 1, 'R', '2023-05-13 03:47:05', '2023-05-27 07:51:56'),
(3, 'thích làm việc với máy móc, dụng cụ', 1, 'R', '2023-05-13 03:47:05', '2023-05-19 09:23:38'),
(4, 'thích sự cụ thể, rõ ràng', 1, 'R', '2023-05-13 03:47:05', '2023-05-19 09:23:38'),
(5, 'khép kín', 1, 'R', '2023-05-13 03:47:05', '2023-05-19 09:23:38'),
(6, 'thích làm việc ngoài trời', 1, 'R', '2023-05-13 03:47:05', '2023-05-19 09:23:38'),
(7, 'sửa chữa các thiết bị điện/ ô tô, xe máy, xe đạp, …', 2, 'R', '2023-05-13 03:47:05', '2023-05-19 09:23:38'),
(8, 'chơi 1 môn thể thao', 2, 'R', '2023-05-13 03:47:05', '2023-05-19 09:23:38'),
(9, 'đọc bản vẽ/ bản thiết kế', 2, 'R', '2023-05-13 03:47:05', '2023-05-19 09:23:38'),
(10, 'sử dụng/ vận hành/ bảo trì máy móc, thiết bị', 2, 'R', '2023-05-13 03:47:05', '2023-05-19 09:23:38'),
(11, 'sử dụng công cụ để tạo kiểu tóc mới cho mình', 2, 'R', '2023-05-13 03:47:05', '2023-05-19 09:23:38'),
(12, 'tự may áo/váy/đầm cho mình', 2, 'R', '2023-05-13 03:47:05', '2023-05-19 09:23:38'),
(13, 'làm vườn/ trồng cây xanh, hoa kiểng', 3, 'R', '2023-05-13 03:47:05', '2023-05-19 09:23:38'),
(14, 'xây dựng/ lắp ráp mô hình ', 3, 'R', '2023-05-13 03:47:05', '2023-05-19 09:23:38'),
(15, 'vận động tay chân và sử dụng tay chân để làm việc ', 3, 'R', '2023-05-13 03:47:05', '2023-05-19 09:23:38'),
(16, 'tự ráp đồ nội thất (bàn/ghế/tủ)/ tự đóng bàn, ghế, tủ,…', 3, 'R', '2023-05-13 03:47:05', '2023-05-19 09:23:38'),
(17, 'nấu ăn/ làm bánh', 3, 'R', '2023-05-13 03:47:05', '2023-05-19 09:23:38'),
(18, 'tham dự khoá học kỹ thuật (điện, sữa chữa máy móc…)', 3, 'R', '2023-05-13 03:47:05', '2023-05-19 09:23:38'),
(19, 'hiểu biết rộng', 1, 'I', '2023-05-13 04:59:05', '2023-05-19 09:23:54'),
(20, 'thích làm việc một mình', 1, 'I', '2023-05-13 04:59:05', '2023-05-19 09:23:54'),
(21, 'khả năng phân tích cao', 1, 'I', '2023-05-13 04:59:05', '2023-05-19 09:23:54'),
(22, 'suy nghĩ logic', 1, 'I', '2023-05-13 04:59:05', '2023-05-19 09:23:54'),
(23, 'thích khoa học', 1, 'I', '2023-05-13 04:59:05', '2023-05-19 09:23:54'),
(24, 'có khả năng quan sát tốt', 1, 'I', '2023-05-13 04:59:05', '2023-05-19 09:23:54'),
(25, 'suy nghĩ trừu tượng', 2, 'I', '2023-05-13 04:59:05', '2023-05-19 09:23:54'),
(26, 'giải các bài toán khó, phức tạp', 2, 'I', '2023-05-13 04:59:05', '2023-05-19 09:23:54'),
(27, 'tiếp thu nhanh các lý thuyết khoa học', 2, 'I', '2023-05-13 04:59:05', '2023-05-19 09:23:54'),
(28, 'giải thích các công thức toán học', 2, 'I', '2023-05-13 04:59:05', '2023-05-19 09:23:54'),
(29, 'phân tích dữ liệu', 2, 'I', '2023-05-13 04:59:05', '2023-05-19 09:23:54'),
(30, 'tiến hành những thí nghiệm khoa học', 2, 'I', '2023-05-13 04:59:05', '2023-05-19 09:23:54'),
(31, 'đặt câu hỏi', 3, 'I', '2023-05-13 04:59:05', '2023-05-19 09:23:54'),
(32, 'tìm hiểu nhiều ý kiến khác nhau về 1 vấn đề cụ thể  nào đó', 3, 'I', '2023-05-13 04:59:05', '2023-05-19 09:23:54'),
(33, 'sử dụng máy vi tính', 3, 'I', '2023-05-13 04:59:05', '2023-05-19 09:23:54'),
(34, 'đọc sách/ báo chuyên ngành/ kỹ thuật', 3, 'I', '2023-05-13 04:59:05', '2023-05-19 09:23:54'),
(35, 'thiết lập đề tài nghiên cứu, làm khảo sát và kiểm tra kết quả', 3, 'I', '2023-05-13 04:59:05', '2023-05-19 09:23:54'),
(36, 'tham quan bảo tàng khoa học, phòng thí nghiệm, cơ sở khoa học', 3, 'I', '2023-05-13 04:59:05', '2023-05-19 09:23:54'),
(37, 'rất sáng tạo', 1, 'A', '2023-05-13 05:04:42', '2023-05-19 09:24:07'),
(38, 'giàu trí tưởng tượng', 1, 'A', '2023-05-13 05:04:42', '2023-05-19 09:24:07'),
(39, 'thích cải tiến, đổi mới', 1, 'A', '2023-05-13 05:04:42', '2023-05-19 09:24:07'),
(40, 'độc đáo, khác lạ', 1, 'A', '2023-05-13 05:04:42', '2023-05-19 09:24:07'),
(41, 'dễ xúc động', 1, 'A', '2023-05-13 05:04:42', '2023-05-19 09:24:07'),
(42, 'rất nhạy cảm', 1, 'A', '2023-05-13 05:04:42', '2023-05-19 09:24:07'),
(43, 'phác thảo, vẽ, tô tranh', 2, 'A', '2023-05-13 05:04:42', '2023-05-19 09:24:07'),
(44, 'chơi 1 nhac cụ', 2, 'A', '2023-05-13 05:04:42', '2023-05-19 09:24:07'),
(45, 'viết truyện/ thơ/ sáng tác nhạc', 2, 'A', '2023-05-13 05:04:42', '2023-05-19 09:24:07'),
(46, 'hát/ diễn xuất/ nhảy/ khiêu vũ', 2, 'A', '2023-05-13 05:04:42', '2023-05-19 09:24:07'),
(47, 'tự thiết kế quần áo cho mình, bạn bè và người thân/ thiết kế nội thất cho nhà mình', 2, 'A', '2023-05-13 05:04:42', '2023-05-19 09:24:07'),
(48, 'chụp hình với những góc ảnh đẹp', 2, 'A', '2023-05-13 05:04:42', '2023-05-19 09:24:07'),
(49, 'tham gia khóa học thiết kế', 3, 'A', '2023-05-13 05:04:42', '2023-05-19 09:24:07'),
(50, 'học hát/ nhạc/ nhảy/ khiêu vũ/ diễn xuất', 3, 'A', '2023-05-13 05:04:42', '2023-05-19 09:24:07'),
(51, 'làm đồ thủ công, tự làm quà cho bạn bè và người thân', 3, 'A', '2023-05-13 05:04:42', '2023-05-19 09:24:07'),
(52, 'đọc truyện viễn tưởng/ kịch/ thơ ca', 3, 'A', '2023-05-13 05:04:42', '2023-05-19 09:24:07'),
(53, 'thể hiện mình một cách sáng tạo/ mặc những thời trang lạ và thú vị', 3, 'A', '2023-05-13 05:04:42', '2023-05-19 09:24:07'),
(54, 'xem hòa nhạc/ xem kịch/ triển lãm nghệ thuật', 3, 'A', '2023-05-13 05:04:42', '2023-05-19 09:24:07'),
(55, 'rất thân thiện, hòa đồng', 1, 'S', '2023-05-13 05:09:23', '2023-05-19 09:24:24'),
(56, 'dễ thấu hiểu người khác', 1, 'S', '2023-05-13 05:09:23', '2023-05-19 09:24:24'),
(57, 'hào phóng', 1, 'S', '2023-05-13 05:09:23', '2023-05-19 09:24:24'),
(58, 'hay giúp đỡ người khác', 1, 'S', '2023-05-13 05:09:23', '2023-05-19 09:24:24'),
(59, 'có tinh thần đồng đội, tinh thần hợp tác', 1, 'S', '2023-05-13 05:09:23', '2023-05-19 09:24:24'),
(60, 'dễ tha thứ', 1, 'S', '2023-05-13 05:09:23', '2023-05-19 09:24:24'),
(61, 'chỉ dẫn hoặc dạy người khác', 2, 'S', '2023-05-13 05:09:23', '2023-05-19 09:24:24'),
(62, 'điều hành các cuộc thảo luận', 2, 'S', '2023-05-13 05:09:23', '2023-05-19 09:24:24'),
(63, 'hòa giải mâu thuẫn/ tranh chấp', 2, 'S', '2023-05-13 05:09:23', '2023-05-19 09:24:24'),
(64, 'diễn đạt suy nghĩ và cảm xúc rất rõ ràng', 2, 'S', '2023-05-13 05:09:23', '2023-05-19 09:24:24'),
(65, 'hợp tác tốt với những người khác', 2, 'S', '2023-05-13 05:09:23', '2023-05-19 09:24:24'),
(66, 'chơi môn thể thao có tính đồng đội', 2, 'S', '2023-05-13 05:09:23', '2023-05-19 09:24:24'),
(67, 'làm việc nhóm', 3, 'S', '2023-05-13 05:09:23', '2023-05-19 09:24:24'),
(68, 'tham gia hoạt động tình nguyện với các nhóm hoạt động xã hội tại trường, nhà thờ, chùa, phường, xóm hay cộng đồng', 3, 'S', '2023-05-13 05:09:23', '2023-05-19 09:24:24'),
(69, 'gặp gỡ và làm quen bạn mới', 3, 'S', '2023-05-13 05:09:23', '2023-05-19 09:24:24'),
(70, 'lắng nghe và tư vấn cho người khác', 3, 'S', '2023-05-13 05:09:23', '2023-05-19 09:24:24'),
(71, 'đóng góp trong các cuộc thảo luận', 3, 'S', '2023-05-13 05:09:23', '2023-05-19 09:24:24'),
(72, 'tham gia các hội thảo về phát triển cộng đồng và giải quyết các vấn đề xã hội', 3, 'S', '2023-05-13 05:09:23', '2023-05-19 09:24:24'),
(73, 'thích phiêu lưu', 1, 'E', '2023-05-13 05:13:51', '2023-05-19 09:24:45'),
(74, 'quyết đoán', 1, 'E', '2023-05-13 05:13:51', '2023-05-19 09:24:45'),
(75, 'thuộc dạng nổi tiếng ở trường', 1, 'E', '2023-05-13 05:13:51', '2023-05-19 09:24:45'),
(76, 'có sức thuyết phục', 1, 'E', '2023-05-13 05:13:51', '2023-05-19 09:24:45'),
(77, 'có nhiều hoài bão/ tham vọng', 1, 'E', '2023-05-13 05:13:51', '2023-05-19 09:24:45'),
(78, 'thích giao du, thích kết bạn', 1, 'E', '2023-05-13 05:13:51', '2023-05-19 09:24:45'),
(79, 'khởi đầu/ đề xuất dự án mới', 2, 'E', '2023-05-13 05:13:51', '2023-05-19 09:24:45'),
(80, 'thuyết phục người khác làm việc theo ý của tôi', 2, 'E', '2023-05-13 05:13:51', '2023-05-19 09:24:45'),
(81, 'lãnh đạo một nhóm', 2, 'E', '2023-05-13 05:13:51', '2023-05-19 09:24:45'),
(82, 'bán hàng hoặc quảng bá ý tưởng', 2, 'E', '2023-05-13 05:13:51', '2023-05-19 09:24:45'),
(83, 'lên kế hoạch/ chiến lược để đạt được mục tiêu', 2, 'E', '2023-05-13 05:13:51', '2023-05-19 09:24:45'),
(84, 'điều hành hoạt động kinh doanh của gia đình ', 2, 'E', '2023-05-13 05:13:51', '2023-05-19 09:24:45'),
(85, 'có quyền lực, địa vị/ được bầu cử vào những vị trí quan trọng', 3, 'E', '2023-05-13 05:13:51', '2023-05-19 09:24:45'),
(86, 'đưa ra quyết định có ảnh hưởng đến những người khác', 3, 'E', '2023-05-13 05:13:51', '2023-05-19 09:24:45'),
(87, 'giành chiến thắng một giải thưởng lãnh đạo hoặc bán hàng', 3, 'E', '2023-05-13 05:13:51', '2023-05-19 09:24:45'),
(88, 'gặp gỡ những người quan trọng', 3, 'E', '2023-05-13 05:13:51', '2023-05-19 09:24:45'),
(89, 'tham gia khóa học về kinh doanh/ marketing/ bán hàng', 3, 'E', '2023-05-13 05:13:51', '2023-05-19 09:24:45'),
(90, 'đọc tạp chí kinh doanh', 3, 'E', '2023-05-13 05:13:51', '2023-05-19 09:24:45'),
(91, 'làm việc dựa trên hướng dẫn cụ thể', 3, 'C', '2023-05-13 05:18:51', '2023-05-19 09:25:01'),
(92, 'gọn gàng, ngăn nắp', 1, 'C', '2023-05-13 05:18:51', '2023-05-19 09:25:01'),
(93, 'làm việc nguyên tắc, có trình tự, có kế hoạch', 1, 'C', '2023-05-13 05:18:51', '2023-05-19 09:25:01'),
(94, 'chính xác', 1, 'C', '2023-05-13 05:18:51', '2023-05-19 09:25:01'),
(95, 'thích làm việc với dữ liệu, con số, văn bản', 1, 'C', '2023-05-13 05:18:51', '2023-05-19 09:25:01'),
(96, 'tuân thủ nguyên tắc', 1, 'C', '2023-05-13 05:18:51', '2023-05-19 09:25:01'),
(97, 'chu đáo, tỉ mỉ', 1, 'C', '2023-05-13 05:18:51', '2023-05-19 09:25:01'),
(98, 'làm việc tốt trong khuôn khổ hệ thống', 2, 'C', '2023-05-13 05:18:51', '2023-05-19 09:25:01'),
(99, 'giải quyết công việc giấy tờ một cách nhanh chóng, hiệu quả và ngăn nắp', 2, 'C', '2023-05-13 05:18:51', '2023-05-19 09:25:01'),
(100, 'thực hiện các công việc đòi hỏi chú ý đến các chi tiết (sửa lỗi các văn bản, sắp xếp, dàn dựng chương trình cho sự kiện, …)', 2, 'C', '2023-05-13 05:18:51', '2023-05-19 09:25:01'),
(101, 'tổ chức, dàn dựng chương trình cho các hoạt động, sự kiện như tổ chức đêm ca nhạc, tổ chức buổi dã ngoại cho cả lớp, câu lạc bộ', 2, 'C', '2023-05-13 05:18:51', '2023-05-19 09:25:01'),
(102, 'gõ nhanh hoặc viết tốc ký', 2, 'C', '2023-05-13 05:18:51', '2023-05-19 09:25:01'),
(103, 'lưu trữ dữ liệu, hồ sơ chính xác', 2, 'C', '2023-05-13 05:18:51', '2023-05-19 09:25:01'),
(104, 'sử dụng các thiết bị xử lý dữ liệu', 3, 'C', '2023-05-13 05:18:51', '2023-05-19 09:25:01'),
(105, 'sưu tầm đồ kỉ niệm', 3, 'C', '2023-05-13 05:18:51', '2023-05-19 09:25:01'),
(106, 'học, tìm hiểu các thủ tục, quy định, luật lệ (vd: luật thuế, luật kinh doanh …) ', 3, 'C', '2023-05-13 05:18:51', '2023-05-19 09:25:01'),
(107, 'sắp xếp nhà cửa hoặc nơi làm việc', 3, 'C', '2023-05-13 05:18:51', '2023-05-19 09:25:01'),
(108, 'chơi trò tìm sự khác biệt giữa hai hình ảnh', 3, 'C', '2023-05-13 05:18:51', '2023-05-19 09:25:01'),
(121, 'yêu thích vận động', 1, 'R', '2023-05-25 20:07:30', '2023-05-25 20:07:30');

-- --------------------------------------------------------

--
-- Cấu trúc bảng cho bảng `diem`
--

CREATE TABLE `diem` (
  `id` int(11) NOT NULL,
  `ma_nganh` varchar(11) NOT NULL,
  `nam` int(11) NOT NULL,
  `diem` float NOT NULL,
  `khoi_thi` varchar(11) NOT NULL,
  `updated_at` timestamp NOT NULL DEFAULT current_timestamp() ON UPDATE current_timestamp(),
  `created_at` timestamp NOT NULL DEFAULT current_timestamp()
) ENGINE=InnoDB DEFAULT CHARSET=utf8mb4 COLLATE=utf8mb4_general_ci;

--
-- Đang đổ dữ liệu cho bảng `diem`
--

INSERT INTO `diem` (`id`, `ma_nganh`, `nam`, `diem`, `khoi_thi`, `updated_at`, `created_at`) VALUES
(884, '7140114', 2023, 21.15, 'D01', '2023-05-28 01:04:23', '2023-05-28 01:04:23'),
(885, '7140114', 2023, 22.15, 'C04', '2023-05-28 01:04:23', '2023-05-28 01:04:23'),
(886, '7210205', 2023, 23.25, 'N02', '2023-05-28 01:04:23', '2023-05-28 01:04:23'),
(887, '7220201', 2023, 24.24, 'D01', '2023-05-28 01:04:23', '2023-05-28 01:04:23'),
(888, '7310401', 2023, 22.7, 'D01', '2023-05-28 01:04:23', '2023-05-28 01:04:23'),
(889, '7310601', 2023, 18, 'D01', '2023-05-28 01:04:23', '2023-05-28 01:04:23'),
(890, '7310630', 2023, 22.25, 'C00', '2023-05-28 01:04:23', '2023-05-28 01:04:23'),
(891, '7320201', 2023, 19.95, 'D01', '2023-05-28 01:04:23', '2023-05-28 01:04:23'),
(892, '7340101', 2023, 22.16, 'D01', '2023-05-28 01:04:23', '2023-05-28 01:04:23'),
(893, '7340101', 2023, 23.16, 'A01', '2023-05-28 01:04:23', '2023-05-28 01:04:23'),
(894, '7340120', 2023, 24.48, 'D01', '2023-05-28 01:04:23', '2023-05-28 01:04:23'),
(895, '7340120', 2023, 25.48, 'A01', '2023-05-28 01:04:23', '2023-05-28 01:04:23'),
(896, '7340201', 2023, 22.44, 'D01', '2023-05-28 01:04:23', '2023-05-28 01:04:23'),
(897, '7340201', 2023, 23.44, 'C01', '2023-05-28 01:04:23', '2023-05-28 01:04:23'),
(898, '7340301', 2023, 22.65, 'D01', '2023-05-28 01:04:23', '2023-05-28 01:04:23'),
(899, '7340301', 2023, 23.65, 'C01', '2023-05-28 01:04:23', '2023-05-28 01:04:23'),
(900, '7340406', 2023, 21.63, 'D01', '2023-05-28 01:04:23', '2023-05-28 01:04:23'),
(901, '7340406', 2023, 22.63, 'C04', '2023-05-28 01:04:23', '2023-05-28 01:04:23'),
(902, '7380101', 2023, 22.8, 'D01', '2023-05-28 01:04:23', '2023-05-28 01:04:23'),
(903, '7380101', 2023, 23.8, 'C03', '2023-05-28 01:04:23', '2023-05-28 01:04:23'),
(904, '7440301', 2023, 15.45, 'A00', '2023-05-28 01:04:23', '2023-05-28 01:04:23'),
(905, '7440301', 2023, 16.45, 'B00', '2023-05-28 01:04:23', '2023-05-28 01:04:23'),
(906, '7460112', 2023, 24.15, 'A00', '2023-05-28 01:04:23', '2023-05-28 01:04:23'),
(907, '7460112', 2023, 23.15, 'A01', '2023-05-28 01:04:23', '2023-05-28 01:04:23'),
(908, '7480103', 2023, 24.94, 'A00', '2023-05-28 01:04:23', '2023-05-28 01:04:23'),
(909, '7480201', 2023, 24.28, 'A00', '2023-05-28 01:04:23', '2023-05-28 01:04:23'),
(910, '7480201CLC', 2023, 23.38, 'A00', '2023-05-28 01:04:23', '2023-05-28 01:04:23'),
(911, '7510301', 2023, 23.25, 'A00', '2023-05-28 01:04:23', '2023-05-28 01:04:23'),
(912, '7510301', 2023, 22.25, 'A01', '2023-05-28 01:04:23', '2023-05-28 01:04:23'),
(913, '7510302', 2023, 22.55, 'A00', '2023-05-28 01:04:23', '2023-05-28 01:04:23'),
(914, '7510302', 2023, 21.55, 'A01', '2023-05-28 01:04:23', '2023-05-28 01:04:23'),
(915, '7510406', 2023, 15.5, 'A00', '2023-05-28 01:04:23', '2023-05-28 01:04:23'),
(916, '7510406', 2023, 16.5, 'B00', '2023-05-28 01:04:23', '2023-05-28 01:04:23'),
(917, '7520201', 2023, 20, 'A00', '2023-05-28 01:04:23', '2023-05-28 01:04:23'),
(918, '7520201', 2023, 19, 'A01', '2023-05-28 01:04:23', '2023-05-28 01:04:23'),
(919, '7520207', 2023, 22.3, 'A00', '2023-05-28 01:04:23', '2023-05-28 01:04:23'),
(920, '7520207', 2023, 21.3, 'A01', '2023-05-28 01:04:23', '2023-05-28 01:04:23'),
(921, '7810101', 2023, 24.45, 'D01', '2023-05-28 01:04:23', '2023-05-28 01:04:23'),
(922, '7140201', 2023, 19, 'M01', '2023-05-28 01:04:23', '2023-05-28 01:04:23'),
(923, '7140202', 2023, 23.1, 'D01', '2023-05-28 01:04:23', '2023-05-28 01:04:23'),
(924, '7140205', 2023, 25.5, 'C00', '2023-05-28 01:04:23', '2023-05-28 01:04:23'),
(925, '7140209', 2023, 27.33, 'A00', '2023-05-28 01:04:23', '2023-05-28 01:04:23'),
(926, '7140209', 2023, 26.33, 'A01', '2023-05-28 01:04:23', '2023-05-28 01:04:23'),
(927, '7140211', 2023, 25.9, 'A00', '2023-05-28 01:04:23', '2023-05-28 01:04:23'),
(928, '7140212', 2023, 26.28, 'A00', '2023-05-28 01:04:23', '2023-05-28 01:04:23'),
(929, '7140213', 2023, 23.55, 'B00', '2023-05-28 01:04:23', '2023-05-28 01:04:23'),
(930, '7140217', 2023, 26.81, 'C00', '2023-05-28 01:04:23', '2023-05-28 01:04:23'),
(931, '7140218', 2023, 26.5, 'C00', '2023-05-28 01:04:23', '2023-05-28 01:04:23'),
(932, '7140219', 2023, 25.63, 'C00', '2023-05-28 01:04:23', '2023-05-28 01:04:23'),
(933, '7140221', 2023, 23.5, 'N01', '2023-05-28 01:04:23', '2023-05-28 01:04:23'),
(934, '7140222', 2023, 18, 'H00', '2023-05-28 01:04:23', '2023-05-28 01:04:23'),
(935, '7140231', 2023, 26.18, 'D01', '2023-05-28 01:04:23', '2023-05-28 01:04:23'),
(936, '7140247', 2023, 23.95, 'A00', '2023-05-28 01:04:23', '2023-05-28 01:04:23'),
(937, '7140249', 2023, 24.75, 'C00', '2023-05-28 01:04:23', '2023-05-28 01:04:23');

-- --------------------------------------------------------

--
-- Cấu trúc bảng cho bảng `failed_jobs`
--

CREATE TABLE `failed_jobs` (
  `id` bigint(20) UNSIGNED NOT NULL,
  `uuid` varchar(255) NOT NULL,
  `connection` text NOT NULL,
  `queue` text NOT NULL,
  `payload` longtext NOT NULL,
  `exception` longtext NOT NULL,
  `failed_at` timestamp NOT NULL DEFAULT current_timestamp()
) ENGINE=InnoDB DEFAULT CHARSET=utf8mb4 COLLATE=utf8mb4_unicode_ci;

-- --------------------------------------------------------

--
-- Cấu trúc bảng cho bảng `hoc_luc`
--

CREATE TABLE `hoc_luc` (
  `ma_hl` varchar(5) NOT NULL,
  `noi_dung` varchar(255) NOT NULL,
  `mo_ta` int(255) NOT NULL,
  `created_at` timestamp NOT NULL DEFAULT current_timestamp(),
  `updated_at` timestamp NOT NULL DEFAULT current_timestamp() ON UPDATE current_timestamp()
) ENGINE=InnoDB DEFAULT CHARSET=utf8mb4 COLLATE=utf8mb4_general_ci;

--
-- Đang đổ dữ liệu cho bảng `hoc_luc`
--

INSERT INTO `hoc_luc` (`ma_hl`, `noi_dung`, `mo_ta`, `created_at`, `updated_at`) VALUES
('HL1', 'Yếu', 0, '2023-05-22 18:06:14', '2023-05-22 18:06:14'),
('HL2', 'TB', 0, '2023-05-22 18:06:14', '2023-05-22 18:06:14'),
('HL3', 'Khá', 0, '2023-05-22 18:06:14', '2023-05-22 18:06:14'),
('HL4', 'Giỏi', 0, '2023-05-22 18:06:14', '2023-05-22 18:06:14');

-- --------------------------------------------------------

--
-- Cấu trúc bảng cho bảng `ket_luan`
--

CREATE TABLE `ket_luan` (
  `ma_kl` varchar(5) NOT NULL,
  `noi_dung` varchar(255) NOT NULL,
  `mo_ta` varchar(255) NOT NULL,
  `created_at` timestamp NOT NULL DEFAULT current_timestamp(),
  `updated_at` timestamp NOT NULL DEFAULT current_timestamp() ON UPDATE current_timestamp()
) ENGINE=InnoDB DEFAULT CHARSET=utf8mb4 COLLATE=utf8mb4_general_ci;

--
-- Đang đổ dữ liệu cho bảng `ket_luan`
--

INSERT INTO `ket_luan` (`ma_kl`, `noi_dung`, `mo_ta`, `created_at`, `updated_at`) VALUES
('KL1', '7140114', '  Quản lý giáo dục', '2023-05-28 09:30:51', '2023-05-28 09:30:51'),
('KL10', '7340101', 'Quản trị kinh doanh', '2023-05-28 09:30:51', '2023-05-28 09:30:51'),
('KL11', '7340120', 'Kinh doanh quốc tế', '2023-05-28 09:30:51', '2023-05-28 09:30:51'),
('KL13', '7340201', 'Tài chính - Ngân hàng', '2023-05-28 09:30:51', '2023-05-28 09:30:51'),
('KL15', '7340301', ' Kế toán', '2023-05-28 09:30:51', '2023-05-28 09:30:51'),
('KL17', '7340406', '  Quản trị văn phòng', '2023-05-28 09:30:51', '2023-05-28 09:30:51'),
('KL19', '7380101', 'Luật', '2023-05-28 09:30:51', '2023-05-28 09:30:51'),
('KL21', '7440301', '  Khoa học môi trường', '2023-05-28 09:30:51', '2023-05-28 09:30:51'),
('KL23', '7460112', '   Toán ứng dụng', '2023-05-28 09:30:51', '2023-05-28 09:30:51'),
('KL25', '7480103', '  Kỹ thuật phần mềm', '2023-05-28 09:30:51', '2023-05-28 09:30:51'),
('KL26', '7480201', ' Công nghệ thông tin', '2023-05-28 09:30:51', '2023-05-28 09:30:51'),
('KL27', '7480201CLC', 'Công nghệ thông tin (chương trình chất lượng cao)', '2023-05-28 09:30:51', '2023-05-28 09:30:51'),
('KL28', '7510301', 'Công nghệ kỹ thuật điện, điện tử', '2023-05-28 09:30:51', '2023-05-28 09:30:51'),
('KL3', '7210205', '  Thanh nhạc', '2023-05-28 09:30:51', '2023-05-28 09:30:51'),
('KL30', '7510302', ' Công nghệ kỹ thuật điện tử - viễn thông', '2023-05-28 09:30:51', '2023-05-28 09:30:51'),
('KL33', '7510406', 'Công nghệ kỹ thuật môi trường', '2023-05-28 09:30:51', '2023-05-28 09:30:51'),
('KL34', '7520201', '  Kĩ thuật điện', '2023-05-28 09:30:51', '2023-05-28 09:30:51'),
('KL36', '7520207', 'Kĩ thuật điện tư - viễn thông', '2023-05-28 09:30:51', '2023-05-28 09:30:51'),
('KL38', '7810101', ' Du lịch', '2023-05-28 09:30:51', '2023-05-28 09:30:51'),
('KL39', '7140201', ' Giáo dục mầm non', '2023-05-28 09:30:51', '2023-05-28 09:30:51'),
('KL4', '7220201', '  Ngôn ngữ Anh (CN Thương mại và Du lịch)', '2023-05-28 09:30:51', '2023-05-28 09:30:51'),
('KL40', '7140202', ' Giáo dục tiểu học', '2023-05-28 09:30:51', '2023-05-28 09:30:51'),
('KL41', '7140205', ' Giáo dục chính trị', '2023-05-28 09:30:51', '2023-05-28 09:30:51'),
('KL42', '7140209', ' Sư phạm Toán học', '2023-05-28 09:30:51', '2023-05-28 09:30:51'),
('KL44', '7140211', ' Sư phạm Vật lí', '2023-05-28 09:30:51', '2023-05-28 09:30:51'),
('KL45', '7140212', ' Sư phạm Hóa học', '2023-05-28 09:30:51', '2023-05-28 09:30:51'),
('KL46', '7140213', ' Sư phạm Sinh học', '2023-05-28 09:30:51', '2023-05-28 09:30:51'),
('KL47', '7140217', ' Sư phạm Ngữ văn', '2023-05-28 09:30:51', '2023-05-28 09:30:51'),
('KL48', '7140218', ' Sư phạm Lịch sử', '2023-05-28 09:30:51', '2023-05-28 09:30:51'),
('KL49', '7140219', ' Sư phạm Địa lí', '2023-05-28 09:30:51', '2023-05-28 09:30:51'),
('KL5', '7310401', ' Tâm lí học', '2023-05-28 09:30:51', '2023-05-28 09:30:51'),
('KL50', '7140221', ' Sư phạm Âm nhạc', '2023-05-28 09:30:51', '2023-05-28 09:30:51'),
('KL51', '7140222', ' Sư phạm Mĩ thuật', '2023-05-28 09:30:51', '2023-05-28 09:30:51'),
('KL52', '7140231', 'Sư phạm Tiếng Anh', '2023-05-28 09:30:51', '2023-05-28 09:30:51'),
('KL53', '7140247', ' Sư phạm khoa học tự nhiên', '2023-05-28 09:30:51', '2023-05-28 09:30:51'),
('KL54', '7140249', 'Sư phạm Lịch sử - Địa lí', '2023-05-29 09:30:51', '2023-05-28 09:32:59'),
('KL6', '7310601', 'Quốc tế học', '2023-05-28 09:30:51', '2023-05-28 09:30:51'),
('KL7', '7310630', 'Việt Nam học (CN Văn hóa - Du lịch)', '2023-05-28 09:30:51', '2023-05-28 09:30:51'),
('KL8', '7320201', '  Thông tin - Thư viện', '2023-05-28 09:30:51', '2023-05-28 09:30:51');

-- --------------------------------------------------------

--
-- Cấu trúc bảng cho bảng `kha_nang`
--

CREATE TABLE `kha_nang` (
  `ma_kn` varchar(5) NOT NULL,
  `noi_dung` varchar(255) NOT NULL,
  `mo_ta` varchar(255) DEFAULT NULL,
  `created_at` timestamp NOT NULL DEFAULT current_timestamp(),
  `updated_at` timestamp NOT NULL DEFAULT current_timestamp() ON UPDATE current_timestamp()
) ENGINE=InnoDB DEFAULT CHARSET=utf8mb4 COLLATE=utf8mb4_general_ci;

--
-- Đang đổ dữ liệu cho bảng `kha_nang`
--

INSERT INTO `kha_nang` (`ma_kn`, `noi_dung`, `mo_ta`, `created_at`, `updated_at`) VALUES
('KN1', 'Học tốt các môn tự nhiê', 'khanang', '2023-05-22 18:03:43', '2023-05-22 18:03:43'),
('KN2', 'Năng khiếu về âm nhạc', 'khanang', '2023-05-22 18:03:43', '2023-05-22 18:03:43'),
('KN3', 'Học giỏi về vẽ', 'khanang', '2023-05-22 18:03:43', '2023-05-22 18:03:43'),
('KN4', 'Học tốt ngoại ngữ', 'khanang', '2023-05-22 18:03:43', '2023-05-22 18:03:43'),
('KN5', 'Học tốt các môn khoa học xã hội', 'khanang', '2023-05-24 18:03:43', '2023-05-24 18:03:43');

-- --------------------------------------------------------

--
-- Cấu trúc bảng cho bảng `khoi_thi`
--

CREATE TABLE `khoi_thi` (
  `id` int(11) NOT NULL,
  `ten_khoi_thi` varchar(10) NOT NULL,
  `mon_1` varchar(255) NOT NULL,
  `mon_2` varchar(255) NOT NULL,
  `mon_3` varchar(255) NOT NULL,
  `created_at` timestamp NOT NULL DEFAULT current_timestamp(),
  `updated_at` timestamp NOT NULL DEFAULT current_timestamp() ON UPDATE current_timestamp()
) ENGINE=InnoDB DEFAULT CHARSET=utf8mb4 COLLATE=utf8mb4_general_ci;

--
-- Đang đổ dữ liệu cho bảng `khoi_thi`
--

INSERT INTO `khoi_thi` (`id`, `ten_khoi_thi`, `mon_1`, `mon_2`, `mon_3`, `created_at`, `updated_at`) VALUES
(1, 'A00', 'Toán', 'Vật Lý', 'Hóa', '2023-05-13 08:13:20', '2023-05-27 23:04:22'),
(2, 'A01', 'Toán', 'Vật Lý', 'Tiếng Anh', '2023-05-13 08:13:20', '2023-05-27 23:04:43'),
(3, 'A03', 'Toán', 'Vật Lý', 'Sinh', '2023-05-13 08:13:20', '2023-05-27 23:04:50'),
(4, 'B00', 'Toán', 'Hóa', 'Sinh', '2023-05-13 08:13:20', '2023-05-27 23:04:59'),
(5, 'C00', 'Ngữ Văn', 'Lịch Sử', 'Địa Lý', '2023-05-13 08:13:20', '2023-05-27 23:05:40'),
(6, 'D00', 'Toán', 'Ngữ Văn', 'Tiếng Anh', '2023-05-13 08:14:06', '2023-05-27 23:05:17');

-- --------------------------------------------------------

--
-- Cấu trúc bảng cho bảng `luat`
--

CREATE TABLE `luat` (
  `ma_luat` varchar(255) NOT NULL,
  `noi_dung` varchar(255) NOT NULL,
  `created_at` timestamp NOT NULL DEFAULT current_timestamp(),
  `updated_at` timestamp NOT NULL DEFAULT current_timestamp() ON UPDATE current_timestamp()
) ENGINE=InnoDB DEFAULT CHARSET=utf8mb4 COLLATE=utf8mb4_general_ci;

--
-- Đang đổ dữ liệu cho bảng `luat`
--

INSERT INTO `luat` (`ma_luat`, `noi_dung`, `created_at`, `updated_at`) VALUES
('KL56', 'R^KN1^ST12^HL4>KL26', '2023-05-31 03:16:03', '2023-05-31 01:16:03'),
('r1        ', 'K1^HL4^N1^ST10>KL1', '2023-05-22 18:00:26', '2023-05-22 18:00:26'),
('r10       ', 'K4^HL4^N2^ST4>KL3', '2023-05-22 18:00:26', '2023-05-22 18:00:26'),
('r11       ', 'K4^HL3^N2^ST7>KL3', '2023-05-22 18:00:26', '2023-05-22 18:00:26'),
('r115', 'R^HL1^K1^ST1^KN1>KL1', '2023-05-27 13:09:09', '2023-05-30 17:18:13'),
('r116', 'A^KN2^ST3^HL2>KL3', '2023-05-31 01:16:03', '2023-05-31 01:16:03'),
('r117', 'S^KN4^ST9^HL3>KL4', '2023-05-31 01:16:03', '2023-05-31 01:16:03'),
('r118', 'S^KN5^ST4^HL3>KL5', '2023-05-31 01:16:03', '2023-05-31 01:16:03'),
('r119', 'S^KN4^ST7^HL3>KL6', '2023-05-31 01:16:03', '2023-05-31 01:16:03'),
('r12       ', 'K4^HL4^N2^ST7>KL3', '2023-05-22 18:00:26', '2023-05-22 18:00:26'),
('r120', 'S^KN4^ST7^HL3>KL7', '2023-05-31 01:16:03', '2023-05-31 01:16:03'),
('r121', 'C^KN5^ST4^HL3>KL8', '2023-05-31 01:16:03', '2023-05-31 01:16:03'),
('r122', 'E^KN5^ST6^HL3>KL10', '2023-05-31 01:16:03', '2023-05-31 01:16:03'),
('r123', 'E^KN5^ST6^HL3>KL11', '2023-05-31 01:16:03', '2023-05-31 01:16:03'),
('r124', 'C^KN5^ST6^HL3>KL13', '2023-05-31 01:16:03', '2023-05-31 01:16:03'),
('r125', 'C^KN5^ST6^HL3>KL15', '2023-05-31 01:16:03', '2023-05-31 01:16:03'),
('r126', 'E^KN5^ST6^HL3>KL17', '2023-05-31 01:16:03', '2023-05-31 01:16:03'),
('r127', 'S^KN5^ST14^HL4>KL19', '2023-05-31 01:16:03', '2023-05-31 01:16:03'),
('r128', 'I^KN1^ST2^HL3>KL21', '2023-05-31 01:16:03', '2023-05-31 01:16:03'),
('r129', 'I^KN1^ST11^HL3>KL23', '2023-05-31 01:16:03', '2023-05-31 01:16:03'),
('r13       ', 'K6^HL3^N2^ST3>KL4', '2023-05-22 18:00:26', '2023-05-22 18:00:26'),
('r130', 'R^KN1^ST12^HL3>KL25', '2023-05-31 01:16:03', '2023-05-31 01:16:03'),
('r131', 'R^KN1^ST12^HL3>KL26', '2023-05-31 01:16:03', '2023-05-31 01:16:03'),
('r132', 'R^KN1^ST2^HL3>KL27', '2023-05-31 01:16:03', '2023-05-31 01:16:03'),
('r133', 'R^KN1^ST2^HL3>KL28', '2023-05-31 01:16:03', '2023-05-31 01:16:03'),
('r134', 'I^KN1^ST2^HL3>KL30', '2023-05-31 01:16:03', '2023-05-31 01:16:03'),
('r135', 'R^KN1^ST2^HL3>KL33', '2023-05-31 01:16:03', '2023-05-31 01:16:03'),
('r136', 'R^KN1^ST2^HL3>KL34', '2023-05-31 01:16:03', '2023-05-31 01:16:03'),
('r137', 'R^KN1^ST2^HL3>KL36', '2023-05-31 01:16:03', '2023-05-31 01:16:03'),
('r138', 'S^KN5^ST7^HL2>KL38', '2023-05-31 01:16:03', '2023-05-31 01:16:03'),
('r139', 'A^KN5^ST10^HL3>KL39', '2023-05-31 01:16:03', '2023-05-31 01:16:03'),
('r14       ', 'K6^HL4^N2^ST3>KL4', '2023-05-22 18:00:26', '2023-05-22 18:00:26'),
('r140', 'A^KN5^ST10^HL3>KL40', '2023-05-31 01:16:03', '2023-05-31 01:16:03'),
('r141', 'A^KN5^ST4^HL3>KL41', '2023-05-31 01:16:03', '2023-05-31 01:16:03'),
('r142', 'A^KN1^ST11^HL3>KL42', '2023-05-31 01:16:03', '2023-05-31 01:16:03'),
('r143', 'A^KN1^ST11^HL3>KL44', '2023-05-31 01:16:03', '2023-05-31 01:16:03'),
('r144', 'A^KN1^ST11^HL3>KL45', '2023-05-31 01:16:03', '2023-05-31 01:16:03'),
('r145', 'A^KN5^ST5^HL3>KL46', '2023-05-31 01:16:03', '2023-05-31 01:16:03'),
('r146', 'A^KN5^ST4^HL3>KL47', '2023-05-31 01:16:03', '2023-05-31 01:16:03'),
('r147', 'A^KN5^ST4^HL3>KL48', '2023-05-31 01:16:03', '2023-05-31 01:16:03'),
('r148', 'A^KN5^ST7^HL3>KL49', '2023-05-31 01:16:03', '2023-05-31 01:16:03'),
('r149', 'A^KN2^ST3^HL2>KL50', '2023-05-31 01:16:03', '2023-05-31 01:16:03'),
('r15       ', 'K4^HL3^N3^ST7>KL5', '2023-05-22 18:00:26', '2023-05-22 18:00:26'),
('r150', 'A^KN3^ST15^HL2>KL51', '2023-05-31 01:16:03', '2023-05-31 01:16:03'),
('r151', 'A^KN4^ST9^HL3>KL52', '2023-05-31 01:16:03', '2023-05-31 01:16:03'),
('r152', 'A^KN1^ST12^HL3>KL53', '2023-05-31 01:16:03', '2023-05-31 01:16:03'),
('r153', 'A^KN5^ST10^HL3>KL54', '2023-05-31 14:16:03', '2023-05-31 01:18:08'),
('r155', 'R^KN1^ST12^HL4>KL25', '2023-05-31 01:16:03', '2023-05-31 01:16:03'),
('r16       ', 'K4^HL4^N3^ST7>KL5', '2023-05-22 18:00:26', '2023-05-22 18:00:26'),
('r17       ', 'K4^HL3^N3^ST4>KL6', '2023-05-22 18:00:26', '2023-05-22 18:00:26'),
('r18       ', 'K4^HL4^N3^ST4>KL6', '2023-05-22 18:00:26', '2023-05-22 18:00:26'),
('r19       ', 'K4^HL3^N3^ST7>KL6', '2023-05-22 18:00:26', '2023-05-22 18:00:26'),
('r2        ', 'K1^HL4^N1^ST14>KL1', '2023-05-22 18:00:26', '2023-05-22 18:00:26'),
('r20       ', 'K4^HL4^N3^ST7>KL6', '2023-05-22 18:00:26', '2023-05-22 18:00:26'),
('r21       ', 'K4^HL3^N3^ST1>KL7', '2023-05-22 18:00:26', '2023-05-22 18:00:26'),
('r22       ', 'K4^HL4^N3^ST1>KL7', '2023-05-22 18:00:26', '2023-05-22 18:00:26'),
('r23       ', 'K4^HL3^N3^ST14>KL7', '2023-05-22 18:00:26', '2023-05-22 18:00:26'),
('r24       ', 'K4^HL4^N3^ST14>KL7', '2023-05-22 18:00:26', '2023-05-22 18:00:26'),
('r25       ', 'K1^HL3^N4^ST6>KL8', '2023-05-22 18:00:26', '2023-05-22 18:00:26'),
('r26       ', 'K1^HL4^N4^ST6>KL8', '2023-05-22 18:00:26', '2023-05-22 18:00:26'),
('r27       ', 'K2^HL3^N4^ST6>KL8', '2023-05-22 18:00:26', '2023-05-22 18:00:26'),
('r28       ', 'K2^HL4^N4^ST6>KL8', '2023-05-22 18:00:26', '2023-05-22 18:00:26'),
('r33       ', 'K1^HL3^N4^ST6>KL10', '2023-05-22 18:00:26', '2023-05-22 18:00:26'),
('r34       ', 'K1^HL4^N4^ST6>KL10', '2023-05-22 18:00:26', '2023-05-22 18:00:26'),
('r35       ', 'K2^HL3^N4^ST6>KL10', '2023-05-22 18:00:26', '2023-05-22 18:00:26'),
('r36       ', 'K2^HL4^N4^ST6>KL10', '2023-05-22 18:00:26', '2023-05-22 18:00:26'),
('r37       ', 'K1^HL3^N4^ST11>KL11', '2023-05-22 18:00:26', '2023-05-22 18:00:26'),
('r38       ', 'K1^HL4^N4^ST11>KL11', '2023-05-22 18:00:26', '2023-05-22 18:00:26'),
('r39       ', 'K2^HL3^N4^ST11>KL11', '2023-05-22 18:00:26', '2023-05-22 18:00:26'),
('r4        ', 'K4^HL4^N1^ST14>KL1', '2023-05-22 18:00:26', '2023-05-22 18:00:26'),
('r40       ', 'K2^HL4^N4^ST11>KL11', '2023-05-22 18:00:26', '2023-05-22 18:00:26'),
('r41       ', 'K1^HL3^N4^ST12>KL11', '2023-05-22 18:00:26', '2023-05-22 18:00:26'),
('r42       ', 'K1^HL4^N4^ST12>KL11', '2023-05-22 18:00:26', '2023-05-22 18:00:26'),
('r43       ', 'K2^HL3^N4^ST12>KL11', '2023-05-22 18:00:26', '2023-05-22 18:00:26'),
('r44       ', 'K2^HL4^N4^ST12>KL11', '2023-05-22 18:00:26', '2023-05-22 18:00:26'),
('r47       ', 'K1^HL4^N5^ST11>KL13', '2023-05-22 18:00:26', '2023-05-22 18:00:26'),
('r48       ', 'K2^HL4^N5^ST11>KL13', '2023-05-22 18:00:26', '2023-05-22 18:00:26'),
('r51       ', 'K1^HL3^N6^ST1>KL15', '2023-05-22 18:00:26', '2023-05-22 18:00:26'),
('r52       ', 'K1^HL3^N6^ST12>KL15', '2023-05-22 18:00:26', '2023-05-22 18:00:26'),
('r53       ', 'K1^HL4^N6^ST1>KL15', '2023-05-22 18:00:26', '2023-05-22 18:00:26'),
('r54       ', 'K1^HL4^N6^ST12>KL15', '2023-05-22 18:00:26', '2023-05-22 18:00:26'),
('r57       ', 'K1^HL3^N7^ST2>KL17', '2023-05-22 18:00:26', '2023-05-22 18:00:26'),
('r58       ', 'K1^HL4^N7^ST2>KL17', '2023-05-22 18:00:26', '2023-05-22 18:00:26'),
('r59       ', 'K1^HL3^N7^ST13>KL17', '2023-05-22 18:00:26', '2023-05-22 18:00:26'),
('r60       ', 'K1^HL4^N7^ST13>KL17', '2023-05-22 18:00:26', '2023-05-22 18:00:26'),
('r63       ', 'K1^HL3^N8^ST1>KL19', '2023-05-22 18:00:26', '2023-05-22 18:00:26'),
('r64       ', 'K1^HL4^N8^ST1>KL19', '2023-05-22 18:00:26', '2023-05-22 18:00:26'),
('r65       ', 'K1^HL3^N8^ST15>KL19', '2023-05-22 18:00:26', '2023-05-22 18:00:26'),
('r66       ', 'K1^HL4^N8^ST15>KL19', '2023-05-22 18:00:26', '2023-05-22 18:00:26'),
('r69       ', 'K1^HL3^N9^ST2>KL21', '2023-05-22 18:00:26', '2023-05-22 18:00:26'),
('r70       ', 'K1^HL3^N9^ST5>KL21', '2023-05-22 18:00:26', '2023-05-22 18:00:26'),
('r71       ', 'K1^HL3^N9^ST6>KL21', '2023-05-22 18:00:26', '2023-05-22 18:00:26'),
('r72       ', 'K1^HL4^N9^ST2>KL21', '2023-05-22 18:00:26', '2023-05-22 18:00:26'),
('r73       ', 'K1^HL4^N9^ST5>KL21', '2023-05-22 18:00:26', '2023-05-22 18:00:26'),
('r74       ', 'K1^HL4^N9^ST6>KL21', '2023-05-22 18:00:26', '2023-05-22 18:00:26'),
('r77       ', 'K1^HL3^N9^ST5>KL23', '2023-05-22 18:00:26', '2023-05-22 18:00:26'),
('r78       ', 'K1^HL4^N9^ST5>KL23', '2023-05-22 18:00:26', '2023-05-22 18:00:26'),
('r79       ', 'K1^HL3^N9^ST6>KL23', '2023-05-22 18:00:26', '2023-05-22 18:00:26'),
('r80       ', 'K1^HL4^N9^ST6>KL23', '2023-05-22 18:00:26', '2023-05-22 18:00:26'),
('r82       ', 'K3^HL4^N10^ST10>KL25', '2023-05-22 18:00:26', '2023-05-22 18:00:26'),
('r83       ', 'K3^HL4^N10^ST10>KL25', '2023-05-22 18:00:26', '2023-05-22 18:00:26'),
('r84       ', 'KN1>K1', '2023-05-22 18:00:26', '2023-05-22 18:00:26'),
('r85       ', 'KN1>K2', '2023-05-22 18:00:26', '2023-05-22 18:00:26'),
('r86       ', 'KN1>K3', '2023-05-22 18:00:26', '2023-05-22 18:00:26'),
('r87       ', 'KN1>K5', '2023-05-22 18:00:26', '2023-05-22 18:00:26'),
('r88       ', 'KN2>K6', '2023-05-22 18:00:26', '2023-05-22 18:00:26'),
('r89       ', 'KN3>K6', '2023-05-22 18:00:26', '2023-05-22 18:00:26'),
('r9        ', 'K4^HL3^N2^ST4>KL3', '2023-05-22 18:00:26', '2023-05-22 18:00:26'),
('r90       ', 'KN4>K5', '2023-05-22 18:00:26', '2023-05-22 18:00:26'),
('r91       ', 'KN5>K4', '2023-05-22 18:00:26', '2023-05-22 18:00:26'),
('r92       ', 'KN5>K5', '2023-05-22 18:00:26', '2023-05-22 18:00:26');

-- --------------------------------------------------------

--
-- Cấu trúc bảng cho bảng `migrations`
--

CREATE TABLE `migrations` (
  `id` int(10) UNSIGNED NOT NULL,
  `migration` varchar(255) NOT NULL,
  `batch` int(11) NOT NULL
) ENGINE=InnoDB DEFAULT CHARSET=utf8mb4 COLLATE=utf8mb4_unicode_ci;

--
-- Đang đổ dữ liệu cho bảng `migrations`
--

INSERT INTO `migrations` (`id`, `migration`, `batch`) VALUES
(1, '2014_10_12_000000_create_users_table', 1),
(2, '2014_10_12_100000_create_password_reset_tokens_table', 1),
(3, '2014_10_12_100000_create_password_resets_table', 1),
(4, '2019_08_19_000000_create_failed_jobs_table', 1),
(5, '2019_12_14_000001_create_personal_access_tokens_table', 1);

-- --------------------------------------------------------

--
-- Cấu trúc bảng cho bảng `mon_thi`
--

CREATE TABLE `mon_thi` (
  `id` int(11) NOT NULL,
  `ten_mon` varchar(50) NOT NULL
) ENGINE=InnoDB DEFAULT CHARSET=utf8mb4 COLLATE=utf8mb4_general_ci;

--
-- Đang đổ dữ liệu cho bảng `mon_thi`
--

INSERT INTO `mon_thi` (`id`, `ten_mon`) VALUES
(1, 'Toán'),
(2, 'Vật Lý'),
(3, 'Hóa'),
(4, 'Sinh'),
(5, 'Lịch Sử'),
(6, 'Địa Lý'),
(7, 'GDCD'),
(8, 'Tiếng Anh'),
(9, 'Ngữ Văn');

-- --------------------------------------------------------

--
-- Cấu trúc bảng cho bảng `nganh`
--

CREATE TABLE `nganh` (
  `ma_nganh` int(11) NOT NULL,
  `ten_nganh` varchar(255) NOT NULL,
  `thong_tin_dao_tao` text DEFAULT NULL,
  `thong_tin_nganh_hoc` text NOT NULL,
  `ma_nhom_nganh` varchar(2) NOT NULL,
  `created_at` timestamp NOT NULL DEFAULT current_timestamp() ON UPDATE current_timestamp(),
  `updated_at` timestamp NOT NULL DEFAULT current_timestamp() ON UPDATE current_timestamp()
) ENGINE=InnoDB DEFAULT CHARSET=utf8mb4 COLLATE=utf8mb4_general_ci;

--
-- Đang đổ dữ liệu cho bảng `nganh`
--

INSERT INTO `nganh` (`ma_nganh`, `ten_nganh`, `thong_tin_dao_tao`, `thong_tin_nganh_hoc`, `ma_nhom_nganh`, `created_at`, `updated_at`) VALUES
(2, 'Nông Nghiệp', 'Hiện trường không đạo tạo ngành này.', 'Nông nghiệp là một ngành sản xuất vật chất cơ bản của xã hội, cung cấp các yếu phẩm cho sự sống của con người. Nó bao gồm: chăn nuôi, trồng trọt và sơ chế nông sản. Nông nghiệp là chúng ta sử dụng đất đai để trồng trọt và chăn nuôi, khai thác cây trồng và vật nuôi làm nguyên liệu để tạo ra lương thực thực phẩm. Nó đóng vai trò quan trọng trong sự tồn tại và phát triển của loài người. Nông nghiệp được xem là cột mốc đánh dấu sự phát triển của cộng đồng loài người. Từ đó hình thành nên đất nước, quốc gia và hình thành các mối quan hệ giữa con người với con người.\r\n\r\nMột số những sản phẩm của nông nghiệp như: thịt, trứng, sữa, rau, củ, quả,…được sản xuất từ sản phẩm của nông nghiệp.\r\n\r\nNgành Nông nghiệp đào tạo sinh viên những kiến thức cơ bản về sản xuất và quản lý sản xuất nông nghiệp. Sau đó đào tạo các kiến thức và kỹ năng chuyên môn như: công nghệ sinh học, công nghệ tự động hóa, công nghệ vi sinh, công nghệ chế biến và bảo quản,.. Sau khi tốt nghiệp các bạn có khả năng quản lý sản xuất chăn nuôi và trồng trọt, biết ứng dụng chuyển giao các tiến bộ kỹ thuật nông nghiệp vào thực tiễn trồng trọt và chăn nuôi.', 'I', '2023-05-26 18:51:17', '2023-05-26 18:51:17'),
(3, 'Hóa Học', 'Hiện tại trường không đào tạo ngành này.', 'Hóa học (tiếng Anh: Chemistry) – một nhánh của Khoa học tự nhiên, là ngành nghiên cứu về thành phần, cấu trúc, tính chất cùng với sự thay đổi của vật chất. Hóa học đề cập tới các nguyên tố, hợp chất, nguyên tử, các phản ứng hóa học giữa những thành phần đó. Hóa học còn được mệnh danh là “khoa học trung tâm” vì nó đóng vai trò như là cầu nối của nhiều ngành khoa học tự nhiên khác. Ví dụ như: Địa chất học, sinh vật học, vật lý học…\r\n\r\nNgành Hóa học\r\nNgành Hóa học là gì?\r\nBên cạnh đó, ngành Hóa học cũng nghiên cứu về tính chất của các nguyên tố, hợp chất, các biến đổi có thể có từ một chất này sang một chất khác… Không chỉ vậy, hóa học còn có nhiệm vụ dự đoán trước tính chất của những hợp chất chưa được biết đến, cung cấp nhiều phương pháp khác nhau để tổng hợp những hợp chất mới hay các phương pháp đo lường, phân tích để tìm các thành phần hóa học trong những mẫu thử nghiệm. \r\n\r\nBên cạnh những kiến thức chuyên ngành về hóa học, khoa học tự nhiên và khoa học xã hội, sinh viên còn có cơ hội tiếp cận, thực hành trên những trang thiết bị máy móc hiện đại phục vụ công tác nghiên cứu khoa học.', 'S', '2023-05-26 10:01:38', '2023-05-26 10:01:38'),
(6, 'Y Khoa, Bác Sĩ', 'Hiện tại trường không đào tạo ngành học này.', 'Ngành Y khoa (hay Y đa khoa) hoạt động với sứ mệnh đào tạo ra đội ngũ y bác sĩ có đạo đức, có kiến thức y học, tay nghề chẩn đoán và phẫu thuật tốt để tham gia vào sự nghiệp phục vụ chăm sóc sức khỏe cộng đồng. Sinh viên ngành Y khoa có chương trình học kéo dài từ 6 – 7 năm. Sau khi hoàn thành các học phần trong chương trình, sinh viên có thể lựa chọn học tiếp để nâng cao trình độ chuyên môn hoặc tham gia thi cấp chứng chỉ hành nghề để bắt đầu công tác.\r\n\r\nNgành Y khoa\r\nNgành Y khoa là gì?\r\nVề chương trình đào tạo, bên cạnh những học phần lý luận chính trị và ngoại ngữ – tin học bắt buộc như: Đường lối của Đảng CSVN, Tiếng Anh, Tin học cơ sở…, ngành Y khoa còn cung cấp cho sinh viên kiến thức chuyên sâu về giải phẫu, ký sinh trùng, ngoại bệnh lý, răng – hàm – mặt, da liễu, phụ sản, ung thư… Vì chương trình học trải rộng trên nhiều khía cạnh của y học nên đòi hỏi sinh viên phải tự giác, chủ động nghiên cứu thêm tài liệu sau giờ học để đạt được hiệu quả cao. Ngoài ra, sinh viên cũng sẽ được trau dồi các kỹ năng mềm như: thuyết trình, làm việc nhóm, tổ chức – quản lý… để phát triển toàn diện về cả trí tuệ lẫn thể chất.', '', '2023-05-13 09:40:36', '2023-05-13 09:40:36'),
(7, 'Tâm Lý Học', 'Hiện tại trường có đào tạo ngành học này.', 'Tâm lý học (tiếng Anh: Psychology) là ngành học nghiên cứu về tâm trí, hành vi, là một bộ môn học thuật tìm hiểu mọi mặt ý thức, vô thức và tư duy con người. Tâm lý học cũng tập trung phân tích sự ảnh hưởng của hoạt động thể chất, trạng thái tâm lý và các yếu tố bên ngoài lên hành vi và tinh thần con người.\r\n\r\nNgành tâm lý học\r\nNgành tâm lý học là gì?\r\nTheo học chuyên ngành này, các bạn sẽ nghiên cứu về việc xử lý thông tin, làm rõ các bản chất của con người bằng cách đi sâu vào mọi ngóc ngách của đời sống, từ kinh tế, chính trị đến văn hóa, xã hội, giáo dục, y học, triết học, các chuyên đề về tệ nạn xã hội, chuyên đề về xử lý tình huống…', '', '2023-05-26 18:30:51', '2023-05-26 18:30:51'),
(8, 'Luật ', 'Hiện tại trường có đào tạo ngành học này.', 'Luật (tiếng Anh: Law) hay Luật học, là một thuật ngữ dùng để chỉ chung các ngành khoa học nghiên cứu về pháp luật. Ở cấp chung nhất, Luật là ngành học gồm tất cả các hoạt động nghiên cứu, học tập về pháp luật trong mọi chuyên ngành như: luật kinh tế, luật dân sự, luật hình sự, luật lao động…\r\n\r\nNgành Luật\r\nNgành Luật là gì?\r\nTheo học chuyên ngành này, sinh viên sẽ được trang bị những kiến thức bao quát về Luật trên mọi lĩnh vực, các kiến thức về luật hôn nhân gia đình, tranh chấp tài sản, khiếu nại, tố cáo, điều tra hình sự, quyền con người, quyền công dân…', '', '2023-05-13 09:43:57', '2023-05-13 09:43:57'),
(9, 'Kinh tế học', 'Hiện tại trường có đào tạo ngành học này.', 'Ngành Kinh tế hay Kinh tế học là môn khoa học xã hội nghiên cứu sự sản xuất, phân phối và tiêu dùng các loại hàng hóa và dịch vụ. Kinh tế học cũng nghiên cứu cách thức xã hội quản lý các nguồn tài nguyên (nguồn lực) khan hiếm của nó. Nghiên cứu Kinh tế học nhằm mục đích giải thích cách thức các nền kinh tế vận động và cách tác nhân kinh tế tương tác với nhau. Các nguyên tắc kinh tế được ứng dụng trong đời sống xã hội, trong thương mại, tài chính và hành chính công, thậm chí là trong ngành tội phạm học, giáo dục, xã hội học, luật học và nhiều ngành khoa học khác.\r\n\r\nNgành kinh tế\r\nNgành kinh tế là gì?\r\nChương trình học ngành Kinh tế nhằm đào tạo những sinh viên có kiến thức chuyên môn và kỹ năng thực hành tốt, có phẩm chất chính trị, đạo đức tốt, có sức khỏe, khả năng làm việc độc lập và sáng tạo, có đủ trình độ năng lực hoàn thành tốt nhiệm vụ được giao.  Theo học ngành Kinh tế, sinh viên sẽ được trang bị hệ thống kiến thức sâu rộng, hiện đại về kinh tế vi mô, kinh tế vĩ mô cũng như kinh tế học ứng dụng…', '', '2023-05-13 09:45:34', '2023-05-13 09:45:34'),
(10, 'Khoa học vật chất', 'Hiện tại trường không đào tạo ngành này.', 'Khoa học vật liệu (tiếng Anh: Materials Science) là một môn khoa học liên ngành, nghiên cứu về mối quan hệ giữa cấu trúc, công nghệ chế tạo, thành phần xử lý cùng tính chất của các vật liệu. Các ngành khoa học tham gia vào việc nghiên cứu này chủ yếu là vật lý, hóa học và toán học. Đối tượng nghiên cứu thông thường chính là vật liệu ở thể rắn, sau đó mới đến thể lỏng, thể khí. Những khía cạnh được nghiên cứu là tính chất điện, từ, nhiệt, quang, cơ, cấu trúc hoặc tổ hợp của các tính chất đó với mục đích là tạo ra các vật liệu để đáp ứng nhiều nhu cầu trong kỹ thuật.\r\n\r\nNgành Khoa học vật liệu\r\nNgành học này bao gồm những gì?5\r\nTheo học chuyên ngành này, sinh viên sẽ được học các kiến thức cơ bản về hoá học, toán học, tin học và vật lý. Cùng với đó chính là khoa học và công nghệ vật liệu, vật liệu điện tử nano (vật liệu từ, vật liệu bán dẫn). Đồng thời, các thông tin về khoa học công nghệ, vật liệu tiên tiến như hợp kim đặc chủng, vật liệu tổ hợp, các vật liệu quang điện tử sử dụng trong nhiều lĩnh vực như sợi cáp quang, laser… cũng được giảng dạy ở chuyên ngành này. Những vật liệu nêu trên chính là nền tảng cốt lõi của cuộc cách mạng khoa học và kỹ thuật của thế kỷ 21. Chương trình đào tạo chuyên ngành này bao gồm: Vật liệu và linh kiện màng mỏng, Vật liệu Polymer và Composite; Vật liệu từ và y sinh.', '', '2023-05-13 09:47:18', '2023-05-13 09:47:18'),
(11, 'Ngành Thời Trang', 'Hiện tại trường không đào tạo khối ngành này.', 'Thiết kế thời trang (TKTT) là ngành học liên quan đến công nghiệp làm đẹp, giúp tạo ra những sản phẩm phục vụ cho nhu cầu đa dạng của cuộc sống. Đây là ngành học trang bị cho sinh viên những kiến thức cơ bản về mỹ thuật, khả năng nắm bắt các xu hướng thời trang, cách sử dụng các phần mềm phục vụ cho việc thiết kế và và cách lựa chọn chất liệu phù hợp. Sinh viên sẽ sử dụng óc sáng tạo, tìm tòi nghiên cứu để tạo ra những sản phẩm phục vụ cho 2 mục đích chính:\r\n\r\nTrình diễn nghệ thuật: gồm những trang phục dùng trong biểu diễn \r\nỨng dụng thực tế: gồm những trang phục mặc trong cuộc sống thường ngày', '', '2023-05-13 09:49:05', '2023-05-13 09:49:05'),
(12, 'Marketing', 'Hiện tại trường có đào tạo ngành học này.', 'Thiết kế thời trang (TKTT) là ngành học liên quan đến công nghiệp làm đẹp, giúp tạo ra những sản phẩm phục vụ cho nhu cầu đa dạng của cuộc sống. Đây là ngành học trang bị cho sinh viên những kiến thức cơ bản về mỹ thuật, khả năng nắm bắt các xu hướng thời trang, cách sử dụng các phần mềm phục vụ cho việc thiết kế và và cách lựa chọn chất liệu phù hợp. Sinh viên sẽ sử dụng óc sáng tạo, tìm tòi nghiên cứu để tạo ra những sản phẩm phục vụ cho 2 mục đích chính:\r\n\r\nTrình diễn nghệ thuật: gồm những trang phục dùng trong biểu diễn \r\nỨng dụng thực tế: gồm những trang phục mặc trong cuộc sống thường ngày', 'I', '2023-05-26 10:01:32', '2023-05-26 10:01:32'),
(13, 'Điện Ảnh, Âm Nhạc', 'Hiện tại trường không đào tạo ngành này.', 'Ngành Âm nhạc học là ngành học phân tích nghiên cứu về âm nhạc và các vấn đề có liên quan đến âm nhạc. Âm nhạc học là một phần của nhân văn học. Ngành học ra đời với mục tiêu đào tạo sinh viên có trình độ đại học, cao đẳng, trang bị cho sinh viên những kiến thức cơ bản về âm nhạc. Từ đó sinh viên có năng lực thực hành nghề nghiệp tương xứng với trình độ đã được các trường đào tạo. Đào tạo sinh viên có tư tưởng đạo đức, phẩm chất chính trị rõ ràng, say mê với nghề nghiệp; chấp hành nghiêm chỉnh mọi quy định của nhà nước và pháp luật, nhất là những quy định về văn hóa, xã hội và đặc biệt là nghệ thuật.', '', '2023-05-13 09:55:10', '2023-05-13 09:55:10'),
(14, 'Thiết Kế Đồ Họa', 'Hiện trường không đào tạo ngành này.', 'Thiết kế đồ họa là ngành học sử dụng những ý tưởng, sáng tạo, thông qua các phần mềm hỗ trợ của máy tính để tạo ra những hình ảnh, thông điệp mang tính truyền thông. Sinh viên theo học ngành này sẽ được trang bị các kiến thức về xây dựng ý tưởng, phương pháp thiết kế và sử dụng các công cụ đồ họa. Sản phẩm của ngành này nhằm phục vụ cho nhiều mục đích thương mại, quảng bá, truyền thông, giáo dục, kinh doanh, giải trí… Cụ thể là các sản phẩm: bộ nhận diện thương hiệu, tờ rơi, poster, banner, bìa sách báo, tạp chí, bao bì, nhãn mác, giao diện website, các nhân vật trong phim hoạt hình, trong game,…', '', '2023-05-13 09:56:53', '2023-05-13 09:56:53'),
(15, 'Nhiếp Ảnh', 'Hiện trường không đào tạo ngành này.', 'Nhiếp ảnh là một ngành thuộc lĩnh vực nghệ thuật, chuyên đào tạo các nhiếp ảnh gia với kiến thức về nhiếp ảnh, kỹ thuật chụp ảnh, nghiệp vụ ngành. Đồng thời, ngành này còn trang bị cho sinh viên kiến thức thiết kế ấn phẩm truyền thông, lịch sử nghệ thuật, lý luận phê bình nhiếp ảnh. Trong đó, nhiếp ảnh là dùng một thiết bị đặc biệt để ghi lại hình ảnh của vật thể thông qua ánh sáng được phản chiếu từ các vật thể lên giấy hoặc phim nhạy sáng. Quá trình này được thực hiện bằng các thiết bị cơ học, hóa học, hay kỹ thuật số thường được gọi là máy ảnh hay máy chụp hình. Hiện nay, nhiếp ảnh gia còn được cung cấp kiến thức về chỉnh sửa ảnh, hậu kỳ nên để tạo ra bức ảnh đẹp sẽ dễ dàng hơn.\r\n\r\nNgành nhiếp ảnh\r\nSinh viên sẽ học những gì trong ngành này?\r\nTheo học ngành này, sinh viên sẽ được đào tạo kiến thức về nhiếp ảnh kỹ thuật số, lịch sử nhiếp ảnh Việt nam và thế giới, ống kính, đèn flash, ảnh phong cảnh, ảnh kiến trúc, ảnh macro, ảnh chân dung studio, ảnh quảng cáo, ảnh thể thao… Vì thế, sau khi hoàn thành khóa học, nhiếp ảnh gia sẽ có các kỹ năng để xử lý các kỹ thuật cơ bản trong nhiếp ảnh với các thể loại ảnh khác nhau.', '', '2023-05-13 09:57:59', '2023-05-13 09:57:59'),
(16, 'Chính Trị Học', 'Hiện trường đang đào tạo ngành học này.', 'Chính trị (tiếng Anh: Politics) là hoạt động trong lĩnh vực quan hệ giữa các giai cấp, các dân tộc và các quốc gia về vấn đề giành, giữ, tổ chức và sử dụng quyền lực Nhà nước. Ngoài ra, chính trị cũng đồng nghĩa với sự tham gia của nhân dân vào công việc xã hội và chính Nhà nước nước đó, là hoạt động thực tiễn của giai cấp, nhà nước, đảng phái chính trị với mục đích tìm kiếm khả năng thực hiện đường lối và những mục tiêu đã đề ra nhằm thỏa mãn lợi ích của chính giai cấp, đảng phái chính trị và của nhân dân.\r\n\r\nNgành chính trị học\r\nNgành Chính trị học là gì?\r\nChính trị học (tiếng Anh: Political Science) hay khoa học chính trị là một ngành nghiên cứu lý thuyết và thực tiễn của chính trị, miêu tả và phân tích các ứng xử, hệ thống chính trị. Các lĩnh vực của chính trị học bao gồm lý thuyết và triết học chính trị, giáo dục công dân và chính trị đối sánh, hệ thống quốc gia, phân tích, phát triển chính trị, quan hệ quốc tế…', '', '2023-05-13 09:59:58', '2023-05-13 09:59:58'),
(17, 'Giáo Dục', 'Hiện tại trường đang đào tạo ngành này.', 'Giáo dục học là ngành học trang bị kiến thức nền tảng về tâm lý giáo dục, quản lý giáo dục, giúp xây dựng và bồi dưỡng năng lực xây dựng kế hoạch, thiết kế, triển khai và đánh giá các hoạt động giáo dục, tư vấn, quản lý trường học, các cơ quan, cơ sở, trung tâm về giáo dục, các tổ chức phi chính phủ, đoàn thể xã hội có liên quan tới giáo dục…\r\n\r\nNgành Giáo dục học\r\nNgành Giáo dục học là gì?\r\nSinh viên theo học ngành này sẽ được trang bị những kiến thức từ cơ bản tới chuyên sâu về giáo dục với các hướng chuyên môn như: Tham vấn và công tác xã hội, giảng dạy và tổ chức các hoạt động giáo dục, đánh giá trong giáo dục, giảng dạy giáo dục học và các môn liên quan. Ngoài ra, chuyên ngành này còn được chia làm 04 nhóm chính như sau:\r\n\r\nNhóm tham vấn học đường: chú trọng đào tạo sinh viên theo hướng kiến thức và kỹ năng trong việc tổ chức nghiên cứu, triển khai quá trình tham vấn học đường cho các đối tượng có nhu cầu trong trường học.\r\nNhóm Đánh giá giáo dục: tập trung vào việc trang bị kiến thức và kỹ năng về đánh giá lớp học, người học, người dạy và chương trình học tập.\r\nNhóm giảng dạy: hướng tới việc trang bị cho sinh viên các kiến thức và kỹ năng để nghiên cứu và giảng dạy các học phần về giáo dục học và môn liên quan.', '', '2023-05-13 10:02:12', '2023-05-13 10:02:12'),
(18, 'Công Tác Xã Hội', 'Hiện trường không đào tạo về khối ngành này.', 'Ngành Công tác xã hội là ngành học chuyên đào tạo những con người với trình độ chuyên môn cao cùng với các kỹ năng nhằm trợ giúp các cá nhân, gia đình và cộng đồng nâng cao năng lực đáp ứng nhu cầu và tăng cường chức năng xã hội đồng thời thúc đẩy môi trường xã hội nhằm giải quyết và phòng ngừa các vấn đề xã hội góp phần đảm bảo an sinh xã hội.\r\n\r\nNgành Công tác xã hội\r\nNgành Công tác xã hội là gì?\r\nNgành học Công tác xã hội hướng đến sứ mạng đào tạo sinh viên có tài và có đức, đủ năng lực giải quyết những vấn đề liên quan đến đời sống xã hội của con người. Xây dựng và bồi dưỡng các kỹ năng chuyên môn, nghiệp vụ, tham vấn để xây dựng các chính sách xã hội đáp ứng các nhu cầu phát triển của đất nước.\r\n\r\nHọc 4 năm hệ cử nhân Công tác xã hội, người học sẽ có kiến thức về các lĩnh vực như phương pháp thực hành Công tác xã hội, về tâm lý, chính sách, quản lý cùng kỹ năng làm việc với những người gặp các vấn đề đặc thù như đồng tính, bạo lực, xâm hại, các vấn đề về tình dục hay sức khỏe tâm thần. Sinh viên sẽ có những trải nghiệm rất đặc biệt để hiểu rõ sự nhân văn, những giá trị tốt đẹp của con người.', '', '2023-05-13 10:03:44', '2023-05-13 10:03:44'),
(19, 'Quản Trị Kinh Doanh', 'Hiện tại trường đang đào tạo khối này này.', 'Đúng như tên gọi, ngành Quản trị kinh doanh cung cấp cho người học cái nhìn toàn diện về hoạt động của một doanh nghiệp hoặc công ty. Ngoài các môn đại cương về kinh tế, chính trị, chương trình đào tạo của ngành QTKD được chia ra thành hai nhóm: các kiến thức căn bản của khối ngành kinh tế và các kiến thức về vận hành/phát triển doanh nghiệp. Các môn học căn bản về kinh tế thường là: Quản trị học, Luật kinh tế, Tài chính tiền tệ, Nguyên lý kế toán, v.v. Các kiến thức về vận hành và phát triển doanh nghiệp thường được giảng dạy qua các môn: Kế hoạch doanh nghiệp, Hành vi người tiêu dùng, Quản trị tài chính doanh nghiệp, v.v.\r\n\r\n', '', '2023-05-13 10:06:42', '2023-05-13 10:06:42'),
(20, 'Du Lịch', 'Hiện tại trường đang đạo tạo khối ngành này.', 'Ngành Du lịch có sứ mệnh đào tạo ra đội ngũ nhân lực có kỹ năng chuyên môn cao trong việc tổ chức, điều hành và quản lý khách sạn. Sau khi tốt nghiệp chương trình cử nhân Du lịch, các bạn sinh viên sẽ được trang bị đầy đủ kiến thức và trải nghiệm để sẵn sàng làm việc linh hoạt ở nhiều vị trí như: hướng dẫn viên, quản lý nhà hàng, điều hành khách sạn…\r\n\r\n\r\nNgành du lịch là gì?\r\nTheo học ngành Du lịch, trước hết bạn cũng cần phải hoàn thành các học phần lý luận chính trị bắt buộc như: Những nguyên lý cơ bản của chủ nghĩa Mác-Lênin, Đường lối cách mạng của ĐCSVN… Ngoài ra, chương trình còn được thiết kế đa dạng với các học phần chuyên môn về văn hóa, lịch sử, kỹ năng tổ chức quản lý, hướng dẫn tour, Marketing… nhằm cung cấp cho các bạn hệ thống kiến thức chuyên ngành vững chắc, toàn diện. Hiện nay các trường ĐH phần lớn đều chọn tiếng Anh là ngoại ngữ chính nhưng các bạn sinh viên luôn được khuyến khích làm giàu hơn vốn ngoại ngữ của mình bằng cách tiếp xúc thêm với một vài thứ tiếng khác. ', '', '2023-05-13 10:08:13', '2023-05-13 10:08:13'),
(21, 'Truyền Thông, Báo Chí', 'Hiện tại trường không đào tạo khối ngành này.', 'Ngành báo chí (tiếng Anh: Journalism) là một ngành khoa học xã hội đào tạo kiến thức về phân tích, tổng hợp, đánh giá dữ liệu và thông tin, tổng hợp ý kiến tập thể và sử dụng những thành tựu mới về khoa học công nghệ để giải quyết các vấn đề thực tế, xây dựng chuyên môn để xử lý những vấn đề có quy mô địa phương, vùng miền.\r\n\r\nNgành báo chí sẽ trang bị cho người học kiến thức cơ bản về lĩnh vực Báo chí, về nguyên tắc hành nghề, kỹ năng tác nghiệp, cách thức ứng xử chuẩn mực về pháp luật và đạo đức nghề nghiệp. Những điều này giúp các bạn nắm được các khuynh hướng vận động phát triển của ngành, phương hướng tiếp cận, xử lý, nghiên cứu một cách có hệ thống.', '', '2023-05-13 10:09:45', '2023-05-13 10:09:45'),
(123, 'Cơ Khí, Điện Tử', 'Hiện tại trường đang đào tạo ngành học này.', 'Kỹ thuật cơ khí (một số trường gọi là Công nghệ Kỹ thuật cơ khí) là một ngành Khoa học kỹ thuật, ứng dụng các nguyên lý vật lý, kỹ thuật và khoa học vật liệu để phân tích, thiết kế, chế tạo và bảo dưỡng các loại máy móc và hệ thống cơ khí. Sự ra đời và phát triển của ngành Kỹ thuật cơ khí nhằm mục đích phục vụ cho công tác thiết kế trong các lĩnh vực như ô tô, máy bay, phương tiện giao thông, các hệ thống gia nhiệt và làm lạnh, đồ dùng trong gia đình, thiết bị trong nhà máy, vũ khí… Đây là ngành học tham gia trực tiếp từ các khâu vận hành máy móc cho đến dây chuyền sản xuất.\r\n\r\nNgành kỹ thuật cơ khí\r\nNgành kỹ thuật cơ khí là gì?\r\nTheo học ngành này, sinh viên sẽ được trang bị đầy đủ những kiến thức chuyên ngành quan trọng như kỹ năng gia công, thiết kế, vận hành, lắp ráp các thiết bị máy móc. Không những vậy, các bạn còn được tham gia các hội thảo, chuyên đề cùng các doanh nghiệp, tập đoàn lớn để mở rộng kinh nghiệm học hỏi cho bản thân.', '', '2023-05-26 18:51:22', '2023-05-26 18:51:22'),
(124, 'Công Nghệ Thông Tin', 'Hiện tại trường có đào tạo ngành học này.', 'IT (Information Technology) hay Công nghệ thông tin là một thuật ngữ liên quan đến phần mềm, mạng lưới internet, hệ thống máy tính dùng cho việc phân phối và xử lý dữ liệu; trao đổi, lưu trữ và sử dụng thông tin dưới các hình thức khác nhau. Công nghệ thông tin là việc áp dụng công nghệ hiện đại vào việc tạo lập, xử lý, truyền dẫn, lưu trữ và khai thác thông tin.\r\n\r\nTheo học ngành này, người học sẽ được trang bị các kiến thức chuyên ngành liên quan đến nghiên cứu phát triển, gia công và ứng dụng hệ thống phần mềm, thiết kế, xây dựng, cài đặt, vận hành và bảo trì phần cứng, phần mềm máy tính và các hệ thống thiết bị dựa trên máy tính. Ngoài ra, người học cũng được trang bị các kiến thức về an ninh mạng, một trong những lĩnh vực đang được quan tâm hàng đầu trên thế giới.', '', '2023-05-26 18:51:14', '2023-05-26 18:51:14'),
(7140114, 'Quản lý giáo dục', NULL, '', '', '2023-05-28 08:31:01', '2023-05-28 08:31:01'),
(7210205, 'Thanh nhạc', NULL, '', '', '2023-05-28 08:31:01', '2023-05-28 08:31:01'),
(7220201, 'Ngôn ngữ Anh (CN Thương mại và Du lịch)', NULL, '', '', '2023-05-28 08:31:01', '2023-05-28 08:31:01'),
(7310401, 'Tâm lí học', NULL, '', '', '2023-05-28 08:31:01', '2023-05-28 08:31:01'),
(7310601, 'Quốc tế học', NULL, '', '', '2023-05-28 08:31:01', '2023-05-28 08:31:01'),
(7310630, 'Việt Nam học (CN Văn hóa - Du lịch)', NULL, '', '', '2023-05-28 08:31:01', '2023-05-28 08:31:01'),
(7320201, 'Thông tin - Thư viện', NULL, '', '', '2023-05-28 08:31:01', '2023-05-28 08:31:01'),
(7340101, 'Quản trị kinh doanh', NULL, '', '', '2023-05-28 08:31:01', '2023-05-28 08:31:01'),
(7340120, 'Kinh doanh quốc tế', NULL, '', '', '2023-05-28 08:31:01', '2023-05-28 08:31:01'),
(7340201, 'Tài chính - Ngân hàng', NULL, '', '', '2023-05-28 08:31:01', '2023-05-28 08:31:01'),
(7340301, 'Kế toán', NULL, '', '', '2023-05-28 08:31:01', '2023-05-28 08:31:01'),
(7340406, 'Quản trị văn phòng', NULL, '', '', '2023-05-28 08:31:01', '2023-05-28 08:31:01'),
(7380101, 'Luật', NULL, '', '', '2023-05-28 08:31:01', '2023-05-28 08:31:01'),
(7440301, 'Khoa học môi trường', NULL, '', '', '2023-05-28 08:31:01', '2023-05-28 08:31:01'),
(7460112, '	Toán ứng dụng', NULL, '', '', '2023-05-28 08:31:01', '2023-05-28 08:31:01'),
(7460112, 'Toán ứng dụng', NULL, '', '', '2023-05-28 08:31:01', '2023-05-28 08:31:01'),
(7480103, 'Kỹ thuật phần mềm', NULL, '', '', '2023-05-28 08:31:01', '2023-05-28 08:31:01'),
(7480201, 'Công nghệ thông tin', NULL, '', '', '2023-05-28 08:31:01', '2023-05-28 08:31:01'),
(7480201, 'Công nghệ thông tin (chương trình chất lượng cao)', NULL, '', '', '2023-05-28 08:31:01', '2023-05-28 08:31:01'),
(7510301, 'Công nghệ kỹ thuật điện - điện tử', NULL, '', '', '2023-05-28 08:31:01', '2023-05-28 08:31:01'),
(7510301, 'Công nghệ kỹ thuật điện - điện tử', NULL, '', '', '2023-05-28 08:31:01', '2023-05-28 08:31:01'),
(7510302, 'Công nghệ kỹ thuật điện tử - viễn thông', NULL, '', '', '2023-05-28 08:31:01', '2023-05-28 08:31:01'),
(7510302, 'Công nghệ kỹ thuật điện tử - viễn thông', NULL, '', '', '2023-05-28 08:31:01', '2023-05-28 08:31:01'),
(7510406, 'Công nghệ kỹ thuật môi trường', NULL, '', '', '2023-05-28 08:31:01', '2023-05-28 08:31:01'),
(7510406, 'Công nghệ kỹ thuật môi trường', NULL, '', '', '2023-05-28 08:31:01', '2023-05-28 08:31:01'),
(7520201, 'Kĩ thuật điện', NULL, '', '', '2023-05-28 08:31:01', '2023-05-28 08:31:01'),
(7520207, 'Kĩ thuật điện tư - viễn thông', NULL, '', '', '2023-05-28 08:31:01', '2023-05-28 08:31:01'),
(7810101, 'Du lịch', NULL, '', '', '2023-05-28 08:31:01', '2023-05-28 08:31:01'),
(7140201, 'Giáo dục mầm non', NULL, '', '', '2023-05-28 08:31:01', '2023-05-28 08:31:01'),
(7140202, 'Giáo dục tiểu học', NULL, '', '', '2023-05-28 08:31:01', '2023-05-28 08:31:01'),
(7140205, 'Giáo dục chính trị', NULL, '', '', '2023-05-28 08:31:01', '2023-05-28 08:31:01'),
(7140209, 'Sư phạm Toán học', NULL, '', '', '2023-05-28 08:31:01', '2023-05-28 08:31:01'),
(7140209, 'Sư phạm Toán học', NULL, '', '', '2023-05-28 08:31:01', '2023-05-28 08:31:01'),
(7140211, 'Sư phạm Vật lí', NULL, '', '', '2023-05-28 08:31:01', '2023-05-28 08:31:01'),
(7140212, 'Sư phạm Hóa học', NULL, '', '', '2023-05-28 08:31:01', '2023-05-28 08:31:01'),
(7140213, 'Sư phạm Sinh học', NULL, '', '', '2023-05-28 08:31:01', '2023-05-28 08:31:01'),
(7140217, '	Sư phạm Ngữ văn', NULL, '', '', '2023-05-28 08:31:01', '2023-05-28 08:31:01'),
(7140218, 'Sư phạm Lịch sử', NULL, '', '', '2023-05-28 08:31:01', '2023-05-28 08:31:01'),
(7140219, 'Sư phạm Địa lí', NULL, '', '', '2023-05-28 08:31:01', '2023-05-28 08:31:01'),
(7140221, 'Sư phạm Âm nhạc', NULL, '', '', '2023-05-28 08:31:01', '2023-05-28 08:31:01'),
(7140222, 'Sư phạm Mĩ thuật', NULL, '', '', '2023-05-28 08:31:01', '2023-05-28 08:31:01'),
(7140231, 'Sư phạm Tiếng Anh', NULL, '', '', '2023-05-28 08:31:01', '2023-05-28 08:31:01'),
(7140247, '	Sư phạm khoa học tự nhiên', NULL, '', '', '2023-05-28 08:31:01', '2023-05-28 08:31:01'),
(7140249, 'Sư phạm Lịch sử - Địa lí', NULL, '', '', '2023-05-28 08:31:01', '2023-05-28 08:31:01');

-- --------------------------------------------------------

--
-- Cấu trúc bảng cho bảng `nhom_nganh`
--

CREATE TABLE `nhom_nganh` (
  `id` int(11) NOT NULL,
  `ten_nhom_nganh` varchar(255) NOT NULL,
  `ten_nhom_nguoi` varchar(255) NOT NULL,
  `mo_ta` text NOT NULL,
  `ma_nhom` varchar(2) NOT NULL,
  `nganh` varchar(255) DEFAULT NULL,
  `created_at` timestamp NOT NULL DEFAULT current_timestamp(),
  `updated_at` timestamp NOT NULL DEFAULT current_timestamp() ON UPDATE current_timestamp()
) ENGINE=InnoDB DEFAULT CHARSET=utf8mb4 COLLATE=utf8mb4_general_ci;

--
-- Đang đổ dữ liệu cho bảng `nhom_nganh`
--

INSERT INTO `nhom_nganh` (`id`, `ten_nhom_nganh`, `ten_nhom_nguoi`, `mo_ta`, `ma_nhom`, `nganh`, `created_at`, `updated_at`) VALUES
(1, 'Nhóm Kỹ Thuật', 'Người thực tế', 'Đây là những người thích vận động thể thao hoặc có khả năng làm việc tốt với máy móc, vật thể, công cụ, cây cảnh hoặc con vật, hoặc thích làm việc ngoài trời.', 'R', 'kiến trúc, xây dựng, công nghiệp dân dụng, kỹ thuật, lái xe, huấn luyện viên, nghề mộc, nông – lâm nghiệp, dầu khí, hải dương học, điện – điện tử, quản lý công nghiệp…', '2023-05-13 03:21:48', '2023-05-27 07:06:08'),
(2, 'Nhóm Nghiên Cứu', 'Người tư duy', 'Đây là những người thích quan sát, học hỏi, tìm hiểu, tra cứu, phân tích, đánh giá và giải quyết vấn đề.', 'I', 'khoa học công nghệ, công nghệ thông tin, quản trị mạng máy tính; môi trường, vật lý kỹ thuật, nông lâm, nghiên cứu toán, lý, hóa, sinh, địa lý, thống kê, dược, bác sĩ, y sĩ, điều dưỡng, nha sĩ, dược sĩ, kỹ thuật lâm sàng', '2023-05-13 03:27:47', '2023-05-27 07:11:45'),
(3, 'Nhóm Nghệ Thuật', 'Người kiến tạo', 'Đây là những người có khả năng nghệ thuật, cải tiến, trực giác và thích làm việc trong các tình huống không có kế hoạch trước như dùng trí tưởng tượng và sáng tạo.', 'A', 'Sáng tạo văn học, báo chí, truyền thông phát triển xã hội, tổ chức sự kiện, quan hệ công chúng, quảng cáo, sân khấu điện ảnh, mỹ thuật, kiến trúc, thiết kế, thời trang, hội họa, giáo viên dạy sử/Anh văn, …', '2023-05-13 03:27:47', '2023-05-27 07:12:19'),
(4, 'Nhóm Xã Hội', 'Người giúp đỡ', 'Đây là những người thích làm việc với con người, thích soi sáng, giúp đỡ, truyền đạt thông tin, huấn luyện hoặc chữa trị cho người khác hoặc có kỹ năng về ngôn ngữ', 'S', 'giảng viên; hướng dẫn viên du lịch; tư vấn tâm lý, công tác xã hội, tình nguyện viên, tư vấn – hướng nghiệp, sức khỏe cộng đồng, bác sĩ chuyên khoa, thẩm định giá, nhân sự, cảnh sát, nhân viên xã hội học, điều dưỡng, chuyên gia dinh dưỡng…', '2023-05-13 03:27:47', '2023-05-27 07:10:02'),
(5, 'Nhóm Quản Lý', 'Người thuyết phục', 'Đây là những người thích làm việc với con người, thích ảnh hưởng, thuyết phục, thể hiện, lãnh đạo hoặc quản lý con người vì các mục tiêu của tổ chức hoặc lợi ích kinh tế.', 'E', 'quản trị kinh doanh, thương mại, marketing, kế toán – tài chính, tài chính – ngân hàng, luật sư, kinh tế đối ngoại, kinh doanh quốc tế, dịch vụ khách hàng, tiếp viên hàng không, nhân viên sales, pha chế rượu, quy hoạch đô thị, …', '2023-05-13 03:27:47', '2023-05-27 07:12:38'),
(6, 'Nhóm Nghiệp Vụ', 'Người sắp xếp', 'Đây là những người thích làm việc với dữ liệu, có kỹ năng làm việc với con số và công việc lưu trữ, văn thư, thực hiện nhiệm vụ được giao một cách chi tiết hoặc thực thi nhiệm vụ dựa vào sự hướng dẫn của người khác.', 'C', 'Là những người có khả năng thao tác với hồ sơ, lưu trữ và quản lý giữ liệu hoặc giỏi tính toán nên những người trong nhóm Công chức có thể đảm nhận nhiệm vụ hành chính, điện thoại viên, thanh tra ngành, kế toán, …', '2023-05-12 20:27:47', '2023-05-27 07:13:15');

-- --------------------------------------------------------

--
-- Cấu trúc bảng cho bảng `password_resets`
--

CREATE TABLE `password_resets` (
  `email` varchar(255) NOT NULL,
  `token` varchar(255) NOT NULL,
  `created_at` timestamp NULL DEFAULT NULL
) ENGINE=InnoDB DEFAULT CHARSET=utf8mb4 COLLATE=utf8mb4_unicode_ci;

-- --------------------------------------------------------

--
-- Cấu trúc bảng cho bảng `password_reset_tokens`
--

CREATE TABLE `password_reset_tokens` (
  `email` varchar(255) NOT NULL,
  `token` varchar(255) NOT NULL,
  `created_at` timestamp NULL DEFAULT NULL
) ENGINE=InnoDB DEFAULT CHARSET=utf8mb4 COLLATE=utf8mb4_unicode_ci;

-- --------------------------------------------------------

--
-- Cấu trúc bảng cho bảng `personal_access_tokens`
--

CREATE TABLE `personal_access_tokens` (
  `id` bigint(20) UNSIGNED NOT NULL,
  `tokenable_type` varchar(255) NOT NULL,
  `tokenable_id` bigint(20) UNSIGNED NOT NULL,
  `name` varchar(255) NOT NULL,
  `token` varchar(64) NOT NULL,
  `abilities` text DEFAULT NULL,
  `last_used_at` timestamp NULL DEFAULT NULL,
  `expires_at` timestamp NULL DEFAULT NULL,
  `created_at` timestamp NULL DEFAULT NULL,
  `updated_at` timestamp NULL DEFAULT NULL
) ENGINE=InnoDB DEFAULT CHARSET=utf8mb4 COLLATE=utf8mb4_unicode_ci;

-- --------------------------------------------------------

--
-- Cấu trúc bảng cho bảng `so_thich`
--

CREATE TABLE `so_thich` (
  `ma_st` varchar(5) NOT NULL,
  `noi_dung` varchar(255) NOT NULL,
  `mo_ta` varchar(255) DEFAULT NULL,
  `created_at` timestamp NOT NULL DEFAULT current_timestamp(),
  `updated_at` timestamp NOT NULL DEFAULT current_timestamp() ON UPDATE current_timestamp()
) ENGINE=InnoDB DEFAULT CHARSET=utf8mb4 COLLATE=utf8mb4_general_ci;

--
-- Đang đổ dữ liệu cho bảng `so_thich`
--

INSERT INTO `so_thich` (`ma_st`, `noi_dung`, `mo_ta`, `created_at`, `updated_at`) VALUES
('ST1', 'Sáng tạo', 'sothic', '2023-05-22 18:02:36', '2023-05-22 18:02:36'),
('ST10', 'Giúp đỡ mọi người', 'sothic', '2023-05-22 18:02:36', '2023-05-22 18:02:36'),
('ST11', 'Làm việc với các con số', 'sothic', '2023-05-22 18:02:36', '2023-05-22 18:02:36'),
('ST12', 'Máy tính', 'sothic', '2023-05-22 18:02:36', '2023-05-22 18:02:36'),
('ST13', 'Ô tô', 'sothic', '2023-05-22 18:02:36', '2023-05-22 18:02:36'),
('ST14', 'Tranh luậ', 'sothic', '2023-05-22 18:02:36', '2023-05-22 18:02:36'),
('ST15', 'Vẽ', 'sothic', '2023-05-24 18:02:36', '2023-05-24 18:02:36'),
('ST2', 'Ứng dụng kỹ thuật', 'sothic', '2023-05-22 18:02:36', '2023-05-22 18:02:36'),
('ST3', 'Chơi nhạc', 'sothic', '2023-05-22 18:02:36', '2023-05-22 18:02:36'),
('ST4', 'Đọc sách', 'sothic', '2023-05-22 18:02:36', '2023-05-22 18:02:36'),
('ST5', 'Động vật', 'sothic', '2023-05-22 18:02:36', '2023-05-22 18:02:36'),
('ST6', 'Quản lý doanh nghiệp', 'sothic', '2023-05-22 18:02:36', '2023-05-22 18:02:36'),
('ST7', 'Đi du lịch', 'sothic', '2023-05-22 18:02:36', '2023-05-22 18:02:36'),
('ST8', 'Nấu ă', 'sothic', '2023-05-22 18:02:36', '2023-05-22 18:02:36'),
('ST9', 'Học ngoại ngữ', 'sothic', '2023-05-22 18:02:36', '2023-05-22 18:02:36');

-- --------------------------------------------------------

--
-- Cấu trúc bảng cho bảng `tu_van`
--

CREATE TABLE `tu_van` (
  `id` int(11) NOT NULL,
  `ho_ten` varchar(255) DEFAULT NULL,
  `email` varchar(255) DEFAULT NULL,
  `sdt` varchar(12) DEFAULT NULL,
  `id_khoi_thi` int(11) NOT NULL,
  `diem_mon_1` int(11) NOT NULL,
  `diem_mon_2` int(11) NOT NULL,
  `diem_mon_3` int(11) NOT NULL,
  `diem_nhom_nganh_1` int(11) NOT NULL,
  `diem_nhom_nganh_2` int(11) NOT NULL,
  `diem_nhom_nganh_3` int(11) NOT NULL,
  `diem_nhom_nganh_4` int(11) NOT NULL,
  `diem_nhom_nganh_5` int(11) NOT NULL,
  `diem_nhom_nganh_6` int(11) NOT NULL,
  `created_at` timestamp NOT NULL DEFAULT current_timestamp(),
  `updated_at` timestamp NOT NULL DEFAULT current_timestamp() ON UPDATE current_timestamp()
) ENGINE=InnoDB DEFAULT CHARSET=utf8mb4 COLLATE=utf8mb4_general_ci;

-- --------------------------------------------------------

--
-- Cấu trúc bảng cho bảng `users`
--

CREATE TABLE `users` (
  `id` bigint(20) UNSIGNED NOT NULL,
  `name` varchar(255) NOT NULL,
  `email` varchar(255) NOT NULL,
  `email_verified_at` timestamp NULL DEFAULT NULL,
  `password` varchar(255) NOT NULL,
  `remember_token` varchar(100) DEFAULT NULL,
  `created_at` timestamp NULL DEFAULT NULL,
  `updated_at` timestamp NULL DEFAULT NULL
) ENGINE=InnoDB DEFAULT CHARSET=utf8mb4 COLLATE=utf8mb4_unicode_ci;

--
-- Đang đổ dữ liệu cho bảng `users`
--

INSERT INTO `users` (`id`, `name`, `email`, `email_verified_at`, `password`, `remember_token`, `created_at`, `updated_at`) VALUES
(1, 'admin', 'admin@gmail.com', NULL, '$2y$10$oUpHc8Lp.sqdCXOlicPenei85zBE0DMATJuZwzMuNldB0AtxUmTmO', NULL, '2023-05-30 07:41:03', '2023-05-30 07:41:03');

--
-- Chỉ mục cho các bảng đã đổ
--

--
-- Chỉ mục cho bảng `cau_hoi`
--
ALTER TABLE `cau_hoi`
  ADD PRIMARY KEY (`id`);

--
-- Chỉ mục cho bảng `cau_tra_loi`
--
ALTER TABLE `cau_tra_loi`
  ADD PRIMARY KEY (`id`);

--
-- Chỉ mục cho bảng `diem`
--
ALTER TABLE `diem`
  ADD PRIMARY KEY (`id`);

--
-- Chỉ mục cho bảng `failed_jobs`
--
ALTER TABLE `failed_jobs`
  ADD PRIMARY KEY (`id`),
  ADD UNIQUE KEY `failed_jobs_uuid_unique` (`uuid`);

--
-- Chỉ mục cho bảng `ket_luan`
--
ALTER TABLE `ket_luan`
  ADD PRIMARY KEY (`ma_kl`);

--
-- Chỉ mục cho bảng `kha_nang`
--
ALTER TABLE `kha_nang`
  ADD PRIMARY KEY (`ma_kn`);

--
-- Chỉ mục cho bảng `khoi_thi`
--
ALTER TABLE `khoi_thi`
  ADD PRIMARY KEY (`id`);

--
-- Chỉ mục cho bảng `luat`
--
ALTER TABLE `luat`
  ADD PRIMARY KEY (`ma_luat`);

--
-- Chỉ mục cho bảng `migrations`
--
ALTER TABLE `migrations`
  ADD PRIMARY KEY (`id`);

--
-- Chỉ mục cho bảng `mon_thi`
--
ALTER TABLE `mon_thi`
  ADD PRIMARY KEY (`id`);

--
-- Chỉ mục cho bảng `nhom_nganh`
--
ALTER TABLE `nhom_nganh`
  ADD PRIMARY KEY (`id`);

--
-- Chỉ mục cho bảng `password_resets`
--
ALTER TABLE `password_resets`
  ADD PRIMARY KEY (`email`);

--
-- Chỉ mục cho bảng `password_reset_tokens`
--
ALTER TABLE `password_reset_tokens`
  ADD PRIMARY KEY (`email`);

--
-- Chỉ mục cho bảng `personal_access_tokens`
--
ALTER TABLE `personal_access_tokens`
  ADD PRIMARY KEY (`id`),
  ADD UNIQUE KEY `personal_access_tokens_token_unique` (`token`),
  ADD KEY `personal_access_tokens_tokenable_type_tokenable_id_index` (`tokenable_type`,`tokenable_id`);

--
-- Chỉ mục cho bảng `so_thich`
--
ALTER TABLE `so_thich`
  ADD PRIMARY KEY (`ma_st`);

--
-- Chỉ mục cho bảng `tu_van`
--
ALTER TABLE `tu_van`
  ADD PRIMARY KEY (`id`),
  ADD KEY `fk_tu_van_1` (`id_khoi_thi`);

--
-- Chỉ mục cho bảng `users`
--
ALTER TABLE `users`
  ADD PRIMARY KEY (`id`),
  ADD UNIQUE KEY `users_email_unique` (`email`);

--
-- AUTO_INCREMENT cho các bảng đã đổ
--

--
-- AUTO_INCREMENT cho bảng `cau_hoi`
--
ALTER TABLE `cau_hoi`
  MODIFY `id` int(11) NOT NULL AUTO_INCREMENT, AUTO_INCREMENT=12;

--
-- AUTO_INCREMENT cho bảng `cau_tra_loi`
--
ALTER TABLE `cau_tra_loi`
  MODIFY `id` int(11) NOT NULL AUTO_INCREMENT, AUTO_INCREMENT=126;

--
-- AUTO_INCREMENT cho bảng `diem`
--
ALTER TABLE `diem`
  MODIFY `id` int(11) NOT NULL AUTO_INCREMENT, AUTO_INCREMENT=938;

--
-- AUTO_INCREMENT cho bảng `failed_jobs`
--
ALTER TABLE `failed_jobs`
  MODIFY `id` bigint(20) UNSIGNED NOT NULL AUTO_INCREMENT;

--
-- AUTO_INCREMENT cho bảng `khoi_thi`
--
ALTER TABLE `khoi_thi`
  MODIFY `id` int(11) NOT NULL AUTO_INCREMENT, AUTO_INCREMENT=9;

--
-- AUTO_INCREMENT cho bảng `migrations`
--
ALTER TABLE `migrations`
  MODIFY `id` int(10) UNSIGNED NOT NULL AUTO_INCREMENT, AUTO_INCREMENT=6;

--
-- AUTO_INCREMENT cho bảng `mon_thi`
--
ALTER TABLE `mon_thi`
  MODIFY `id` int(11) NOT NULL AUTO_INCREMENT, AUTO_INCREMENT=10;

--
-- AUTO_INCREMENT cho bảng `nhom_nganh`
--
ALTER TABLE `nhom_nganh`
  MODIFY `id` int(11) NOT NULL AUTO_INCREMENT, AUTO_INCREMENT=34;

--
-- AUTO_INCREMENT cho bảng `personal_access_tokens`
--
ALTER TABLE `personal_access_tokens`
  MODIFY `id` bigint(20) UNSIGNED NOT NULL AUTO_INCREMENT;

--
-- AUTO_INCREMENT cho bảng `tu_van`
--
ALTER TABLE `tu_van`
  MODIFY `id` int(11) NOT NULL AUTO_INCREMENT;

--
-- AUTO_INCREMENT cho bảng `users`
--
ALTER TABLE `users`
  MODIFY `id` bigint(20) UNSIGNED NOT NULL AUTO_INCREMENT, AUTO_INCREMENT=2;
COMMIT;

/*!40101 SET CHARACTER_SET_CLIENT=@OLD_CHARACTER_SET_CLIENT */;
/*!40101 SET CHARACTER_SET_RESULTS=@OLD_CHARACTER_SET_RESULTS */;
/*!40101 SET COLLATION_CONNECTION=@OLD_COLLATION_CONNECTION */;
